type_chaussures;prix;adresse;image_lien
Chaussures orthopédiques;20 000 CFA;Dakar Plateau, Dakar, Sénégal;
Chaussures dockside;16 000 CFA;Grand Yoff, Dakar, Sénégal;
Mocassins en daim;15 000 CFA;Dakar Plateau, Dakar, Sénégal;
Chaussures de ville;25 000 CFA;Dakar Plateau, Dakar, Sénégal;
Chaussures Weston en daim;22 500 CFA;Dakar Plateau, Dakar, Sénégal;
Sandales homme;15 000 CFA;Dakar Plateau, Dakar, Sénégal;
Sandales;15 000 CFA;Dakar Plateau, Dakar, Sénégal;
Sandales cuir;15 000 CFA;Dakar Plateau, Dakar, Sénégal;
Chaussures crochet cuir;15 000 CFA;Dakar Plateau, Dakar, Sénégal;
Sandales;15 000 CFA;Dakar Plateau, Dakar, Sénégal;
Chaussures homme;6 000 CFA;Patte d'oie, Dakar, Sénégal;
Sandales Gucci;7 000 CFA;Dakar Plateau, Dakar, Sénégal;
Mocassins cuir;15 000 CFA;Dakar Plateau, Dakar, Sénégal;
Wallabies;23 000 CFA;Dakar Plateau, Dakar, Sénégal;
Baskets Nike;18 000 CFA;Dakar Plateau, Dakar, Sénégal;
Chaussures Sebago;11 000 CFA;Dakar Plateau, Dakar, Sénégal;
Chaussures Sebago;6 500 CFA;Dakar Plateau, Dakar, Sénégal;
Chaussures Sebago;6 500 CFA;Dakar Plateau, Dakar, Sénégal;
Chaussures Sebago;6 500 CFA;Dakar Plateau, Dakar, Sénégal;
Chaussures Sebago;11 000 CFA;Dakar Plateau, Dakar, Sénégal;
Chaussures Sebago;11 000 CFA;Dakar Plateau, Dakar, Sénégal;
Chaussures Sebago;10 000 CFA;Dakar Plateau, Dakar, Sénégal;
Chaussures Sebago;10 000 CFA;Dakar Plateau, Dakar, Sénégal;
Chaussures Sebago;10 000 CFA;Dakar Plateau, Dakar, Sénégal;
Chaussures Sebago;10 000 CFA;Dakar Plateau, Dakar, Sénégal;
Chaussures Sebago;10 000 CFA;Dakar Plateau, Dakar, Sénégal;
Chaussures Sebago;10 000 CFA;Dakar Plateau, Dakar, Sénégal;
Chaussures Sebago;10 000 CFA;Dakar Plateau, Dakar, Sénégal;
Chaussures Wallabies;25 000 CFA;Dakar Plateau, Dakar, Sénégal;
Chaussures;25 000 CFA;Dakar Plateau, Dakar, Sénégal;
Chaussures Wallabies;25 000 CFA;Dakar Plateau, Dakar, Sénégal;
Chaussures homme;15 000 CFA;Dakar, Sénégal;
Baskets Nike;25 000 CFA;Dakar Plateau, Dakar, Sénégal;
Baskets Presto;15 000 CFA;Dakar Plateau, Dakar, Sénégal;
Chaussures homme;25 000 CFA;Dakar Plateau, Dakar, Sénégal;
Mocassins homme;15 000 CFA;Dakar Plateau, Dakar, Sénégal;background-image:url(https://images.coinafrique.com/thumb_2325841_uploaded_image1_1592819590.jpg)
Baskets Adidas Gazelles;25 000 CFA;Dakar Plateau, Dakar, Sénégal;
Boots;25 000 CFA;Dakar Plateau, Dakar, Sénégal;
Chaussures homme;25 000 CFA;Dakar Plateau, Dakar, Sénégal;
Baskets Jordan;25 000 CFA;Dakar Plateau, Dakar, Sénégal;
Chaussures homme;25 000 CFA;Dakar Plateau, Dakar, Sénégal;
Chaussures homme;25 000 CFA;Dakar Plateau, Dakar, Sénégal;
Boots;25 000 CFA;Dakar Plateau, Dakar, Sénégal;
Chaussures All stars;18 000 CFA;Dakar Plateau, Dakar, Sénégal;
Baskets Jordan;25 000 CFA;Dakar Plateau, Dakar, Sénégal;
Chaussures Stan Smith;15 000 CFA;Dakar Plateau, Dakar, Sénégal;
Baskets Nike 270;20 000 CFA;Dakar Plateau, Dakar, Sénégal;
Chaussures All Star;15 000 CFA;Dakar Plateau, Dakar, Sénégal;
Baskets Balenciaga;20 000 CFA;Dakar Plateau, Dakar, Sénégal;
Chaussures Nike Vapor Max;20 000 CFA;Dakar Plateau, Dakar, Sénégal;
Baskets Nike;22 500 CFA;Dakar Plateau, Dakar, Sénégal;
Baskets Jordan;25 000 CFA;Dakar Plateau, Dakar, Sénégal;
Chaussures Stan Smith;15 000 CFA;Dakar Plateau, Dakar, Sénégal;
Baskets Nike;25 000 CFA;Dakar Plateau, Dakar, Sénégal;
Baskets Jordan One;25 000 CFA;Dakar Plateau, Dakar, Sénégal;
Baskets Nike 270;20 000 CFA;Dakar Plateau, Dakar, Sénégal;
Baskets Nike 270;20 000 CFA;Dakar Plateau, Dakar, Sénégal;
Baskets Nike AF 1;23 000 CFA;Dakar Plateau, Dakar, Sénégal;
Baskets Nike 720;25 000 CFA;Dakar Plateau, Dakar, Sénégal;
Chaussures Nike Vapor Max;20 000 CFA;Dakar Plateau, Dakar, Sénégal;
Baskets Nike 270;20 000 CFA;Dakar Plateau, Dakar, Sénégal;
Baskets Adidas;25 000 CFA;Dakar Plateau, Dakar, Sénégal;
Chaussures Alexander MC Queen;25 000 CFA;Dakar Plateau, Dakar, Sénégal;
Baskets Nike Air Max;25 000 CFA;Dakar Plateau, Dakar, Sénégal;
Baskets Nike Zoom;25 000 CFA;Dakar Plateau, Dakar, Sénégal;
Baskets Nike Air 200;20 000 CFA;Dakar Plateau, Dakar, Sénégal;
Baskets Jordan;25 000 CFA;Dakar Plateau, Dakar, Sénégal;
Baskets Nike 720 8;25 000 CFA;Dakar Plateau, Dakar, Sénégal;
Mocassins homme;15 000 CFA;Dakar Plateau, Dakar, Sénégal;
Boots homme;25 000 CFA;Dakar Plateau, Dakar, Sénégal;
Mocassins;15 000 CFA;Dakar Plateau, Dakar, Sénégal;
Baskets MC Queen;22 500 CFA;Dakar Plateau, Dakar, Sénégal;
Baskets Adidas;25 000 CFA;Dakar Plateau, Dakar, Sénégal;
Baskets Nike AF;23 500 CFA;Dakar Plateau, Dakar, Sénégal;
Baskets Jordan;30 000 CFA;Dakar Plateau, Dakar, Sénégal;
Baskets Nike AF Dior;25 000 CFA;Dakar Plateau, Dakar, Sénégal;
Baskets Jordan;25 000 CFA;Dakar Plateau, Dakar, Sénégal;
Chaussures homme;15 000 CFA;Dakar, Sénégal;
Chaussures Timberland;25 000 CFA;Mermoz-Sacré Coeur, Dakar, Sénégal;
Timberland;25 000 CFA;Mermoz-Sacré Coeur, Dakar, Sénégal;
Baskets Nike TN;22 500 CFA;Dakar Plateau, Dakar, Sénégal;
Wallabies;23 500 CFA;Dakar Plateau, Dakar, Sénégal;
Baskets Dior;45 000 CFA;Dakar Plateau, Dakar, Sénégal;
Baskets Air Max;25 000 CFA;Dakar Plateau, Dakar, Sénégal;
Chaussures Jordan one;25 000 CFA;Dakar Plateau, Dakar, Sénégal;
Baskets Jordan 34;25 000 CFA;Dakar Plateau, Dakar, Sénégal;
Baskets Nike;20 000 CFA;Dakar Plateau, Dakar, Sénégal;
Chaussures Wallabies;20 000 CFA;Dakar Plateau, Dakar, Sénégal;
Baskets Puma;15 000 CFA;Dakar Plateau, Dakar, Sénégal;
Baskets Nike Presto;15 000 CFA;Dakar Plateau, Dakar, Sénégal;
Chaussures Timberland;25 000 CFA;Dakar Plateau, Dakar, Sénégal;
Chaussures Nike;20 000 CFA;Dakar Plateau, Dakar, Sénégal;
Baskets Dior;25 000 CFA;Dakar Plateau, Dakar, Sénégal;
Chaussures Reebok;18 000 CFA;Dakar Plateau, Dakar, Sénégal;
Baskets New Balance;25 000 CFA;Dakar Plateau, Dakar, Sénégal;
Baskets Nike;25 000 CFA;Dakar Plateau, Dakar, Sénégal;
Baskets Nike;23 500 CFA;Dakar Plateau, Dakar, Sénégal;
Mocassins;20 000 CFA;Dakar Plateau, Dakar, Sénégal;
Chaussures Reebok;18 000 CFA;Dakar Plateau, Dakar, Sénégal;
Mcqueen;22 500 CFA;Dakar Plateau, Dakar, Sénégal;
Baskets Jordan;25 000 CFA;Dakar Plateau, Dakar, Sénégal;
Baskets Nike Air;20 000 CFA;Dakar Plateau, Dakar, Sénégal;
Chaussures Puma;23 000 CFA;Dakar Plateau, Dakar, Sénégal;
Baskets Adidas Topanga;20 000 CFA;Dakar Plateau, Dakar, Sénégal;
Baskets Nike;25 000 CFA;Dakar Plateau, Dakar, Sénégal;
Baskets Balenciaga;20 000 CFA;Dakar Plateau, Dakar, Sénégal;
Baskets Nike Air;20 000 CFA;Dakar Plateau, Dakar, Sénégal;
Baskets Nike Zoom;25 000 CFA;Dakar Plateau, Dakar, Sénégal;
Baskets Fila;20 000 CFA;Dakar Plateau, Dakar, Sénégal;
Chaussures Mc Queen;22 500 CFA;Dakar Plateau, Dakar, Sénégal;
Baskets Nike Air;25 000 CFA;Dakar Plateau, Dakar, Sénégal;
Chaussures Nike;25 000 CFA;Dakar Plateau, Dakar, Sénégal;
Mocassins homme;Prix sur demande;Parcelle Assainies, Dakar, Sénégal;
Chaussures;25 000 CFA;Dakar Plateau, Dakar, Sénégal;
Chaussures homme;Prix sur demande;Guediawaye, Dakar, Sénégal;
Chaussures Vans;Prix sur demande;Biscuiterie, Dakar, Sénégal;
Chaussures Nike;Prix sur demande;Biscuiterie, Dakar, Sénégal;
Chaussures Nike;Prix sur demande;Biscuiterie, Dakar, Sénégal;
Chaussures;Prix sur demande;Biscuiterie, Dakar, Sénégal;
Chaussures homme;Prix sur demande;Biscuiterie, Dakar, Sénégal;
Chaussures;Prix sur demande;Biscuiterie, Dakar, Sénégal;
Chaussures;Prix sur demande;Biscuiterie, Dakar, Sénégal;
Chaussures Wallabies;20 000 CFA;Dakar Plateau, Dakar, Sénégal;
Wallabies homme;20 000 CFA;Dakar Plateau, Dakar, Sénégal;
Chaussures homme;Prix sur demande;Dakar Plateau, Dakar, Sénégal;
Chaussures homme;Prix sur demande;Dakar Plateau, Dakar, Sénégal;
Chaussures homme;Prix sur demande;Dakar Plateau, Dakar, Sénégal;
Chaussures homme;Prix sur demande;Dakar Plateau, Dakar, Sénégal;
Chaussures homme;Prix sur demande;Dakar Plateau, Dakar, Sénégal;
Chaussures homme Sebago;11 000 CFA;Dakar Plateau, Dakar, Sénégal;
Chaussures Sebago;11 000 CFA;Dakar Plateau, Dakar, Sénégal;
Mocassins Sebago;10 000 CFA;Dakar Plateau, Dakar, Sénégal;
Chaussures homme Sebago;10 000 CFA;Dakar Plateau, Dakar, Sénégal;
Adidas Yeezy;20 000 CFA;Dakar Plateau, Dakar, Sénégal;
Wallabies;20 000 CFA;Mermoz-Sacré Coeur, Dakar, Sénégal;
Chaussures Timberland;23 000 CFA;Mermoz-Sacré Coeur, Dakar, Sénégal;
Chaussures Timberland;23 000 CFA;Mermoz-Sacré Coeur, Dakar, Sénégal;
Chaussures homme;23 000 CFA;Mermoz-Sacré Coeur, Dakar, Sénégal;
Baskets Nike Presto;20 000 CFA;Mermoz-Sacré Coeur, Dakar, Sénégal;
Nike Presto;20 000 CFA;Mermoz-Sacré Coeur, Dakar, Sénégal;
Baskets Nike Presto;15 000 CFA;Mermoz-Sacré Coeur, Dakar, Sénégal;
Chaussure Alexander Mqueen;20 000 CFA;Mermoz-Sacré Coeur, Dakar, Sénégal;
Sandales Nike;7 500 CFA;Dakar Plateau, Dakar, Sénégal;
Chaussures Nike;7 500 CFA;Dakar Plateau, Dakar, Sénégal;
Chaussures Versace;25 000 CFA;Dakar Plateau, Dakar, Sénégal;
Chaussures  homme;5 000 CFA;Point E, Dakar, Sénégal;
Chaussures homme;5 000 CFA;Point E, Dakar, Sénégal;
Sandales Nike  Apple;6 000 CFA;Dakar Plateau, Dakar, Sénégal;
Sandales homme;6 000 CFA;Dakar Plateau, Dakar, Sénégal;
Chaussures Gucci;6 000 CFA;Dakar Plateau, Dakar, Sénégal;
Chaussures orthopédiques;20 000 CFA;Rufisque, Sénégal;
Chaussures orthopédiques;20 000 CFA;Rufisque, Sénégal;
Baskets Jordan;25 000 CFA;Dakar Plateau, Dakar, Sénégal;
Sandales Gucci;6 000 CFA;Dakar Plateau, Dakar, Sénégal;
Sandales Gucci;6 000 CFA;Dakar Plateau, Dakar, Sénégal;
Sandales;5 000 CFA;Dieuppeul-Derklé, Dakar, Sénégal;
Baskets Nike Zoom;25 000 CFA;Dakar Plateau, Dakar, Sénégal;
Baskets Nike Zoom;25 000 CFA;Dakar Plateau, Dakar, Sénégal;
Baskets Jordan;35 000 CFA;Dakar Plateau, Dakar, Sénégal;
Chaussures;Prix sur demande;Medina, Dakar, Sénégal;
Baskets homme;15 000 CFA;Guediawaye, Dakar, Sénégal;
Tapettes Gucci;5 000 CFA;Grand Dakar, Dakar, Sénégal;
Chaussures homme;5 000 CFA;Grand Yoff, Dakar, Sénégal;
Chaussures homme;5 000 CFA;Grand Yoff, Dakar, Sénégal;
Chaussures Nike 95;22 500 CFA;Dakar Plateau, Dakar, Sénégal;
Chaussures Nike 95;22 500 CFA;Dakar Plateau, Dakar, Sénégal;
Chaussures Nike 95;22 500 CFA;Dakar Plateau, Dakar, Sénégal;
Chaussures Jordan;25 000 CFA;Dakar Plateau, Dakar, Sénégal;
Chaussures Nike;22 500 CFA;Dakar Plateau, Dakar, Sénégal;
Chaussures homme;Prix sur demande;Guediawaye, Dakar, Sénégal;
Chaussures All star;15 000 CFA;Dakar Plateau, Dakar, Sénégal;
Chaussures All star;15 000 CFA;Dakar Plateau, Dakar, Sénégal;
Chaussures All star;15 000 CFA;Dakar Plateau, Dakar, Sénégal;
Chaussures Reebok classiques;20 000 CFA;Dakar Plateau, Dakar, Sénégal;
Chaussures Reebok;20 000 CFA;Dakar Plateau, Dakar, Sénégal;
Chaussures Reebok;20 000 CFA;Dakar Plateau, Dakar, Sénégal;
Chaussures homme;20 000 CFA;Dakar Plateau, Dakar, Sénégal;
Chaussures homme;20 000 CFA;Dakar Plateau, Dakar, Sénégal;
Chaussures homme;20 000 CFA;Dakar Plateau, Dakar, Sénégal;
Sandales homme;5 000 CFA;Dieuppeul-Derklé, Dakar, Sénégal;
Chaussures homme;13 000 CFA;Dakar Plateau, Dakar, Sénégal;
Chaussures Sebago;13 000 CFA;Dakar Plateau, Dakar, Sénégal;
Chaussures homme;13 000 CFA;Dakar Plateau, Dakar, Sénégal;
Chaussures homme;11 000 CFA;Dakar Plateau, Dakar, Sénégal;
Chaussures homme;10 000 CFA;Dakar Plateau, Dakar, Sénégal;
Baskets;12 000 CFA;Dakar, Sénégal;
Chaussures;Prix sur demande;Sicap Liberté, Dakar, Sénégal;
Chaussures;Prix sur demande;Sicap Liberté, Dakar, Sénégal;
Chaussures;Prix sur demande;Sicap Liberté, Dakar, Sénégal;
Chaussures;Prix sur demande;Sicap Liberté, Dakar, Sénégal;
Chaussures;Prix sur demande;Sicap Liberté, Dakar, Sénégal;
Chaussures  homme;Prix sur demande;Sicap Liberté, Dakar, Sénégal;
Baskets;15 000 CFA;Thies, Sénégal;
Chaussures;5 000 CFA;Dagana, Sénégal;
Baskets Nike AF 1;25 000 CFA;Dakar Plateau, Dakar, Sénégal;
Baskets Nike TN;25 000 CFA;Dakar Plateau, Dakar, Sénégal;
Chaussures Nike 270;23 500 CFA;Dakar Plateau, Dakar, Sénégal;
Baskets Puma;22 500 CFA;Dakar Plateau, Dakar, Sénégal;
Baskets Nike Zoom;25 000 CFA;Dakar Plateau, Dakar, Sénégal;
Baskets Jordan;25 000 CFA;Dakar Plateau, Dakar, Sénégal;
Baskets Nike Shox;23 500 CFA;Dakar Plateau, Dakar, Sénégal;
Baskets Nike AF;23 500 CFA;Dakar Plateau, Dakar, Sénégal;
Baskeks Adidas;20 000 CFA;Dakar Plateau, Dakar, Sénégal;
Baskets Adidas;20 000 CFA;Dakar Plateau, Dakar, Sénégal;
Baskets Vapormax;22 500 CFA;Dakar Plateau, Dakar, Sénégal;
Baskets Nike AF;25 000 CFA;Dakar Plateau, Dakar, Sénégal;
Chaussures Adidas;15 000 CFA;Guediawaye, Dakar, Sénégal;
Baskets homme;Prix sur demande;Dakar, Sénégal;
Baskets homme;Prix sur demande;Dakar, Sénégal;
Chaussures homme;Prix sur demande;Guediawaye, Dakar, Sénégal;
Sandales  homme;12 000 CFA;Dakar Plateau, Dakar, Sénégal;
Chaussures homme;15 000 CFA;Dakar Plateau, Dakar, Sénégal;
Sandales;12 000 CFA;Dakar Plateau, Dakar, Sénégal;
Sandales Puma;5 000 CFA;Dakar Plateau, Dakar, Sénégal;
Chaussures Dior;45 000 CFA;Dakar Plateau, Dakar, Sénégal;
Chaussures Nike AF;22 500 CFA;Dakar Plateau, Dakar, Sénégal;
Chaussures Nike Zoom;Prix sur demande;Dakar Plateau, Dakar, Sénégal;
Sandales homme;60 000 CFA;Ouakam, Dakar, Sénégal;
Sandales Louboutin;15 000 CFA;Dakar Plateau, Dakar, Sénégal;
Sandales Adidas;5 000 CFA;Dakar Plateau, Dakar, Sénégal;
Sandales;6 000 CFA;Dakar Plateau, Dakar, Sénégal;
Chaussures homme;30 000 CFA;Saint Louis, Sénégal;
Baskets Adidas;20 000 CFA;Dakar, Sénégal;
Baskets Adidas;20 000 CFA;Dakar, Sénégal;
Chaussures chic;5 000 CFA;Dieuppeul-Derklé, Dakar, Sénégal;
Sandales Adidas;5 000 CFA;Grand Dakar, Dakar, Sénégal;
Baskets;Prix sur demande;Parcelle Assainies, Dakar, Sénégal;
Baskets Jordan -  Stan Smith Adidas;Prix sur demande;Parcelle Assainies, Dakar, Sénégal;
Sandales;5 000 CFA;Dakar Plateau, Dakar, Sénégal;
Chaussures homme;15 000 CFA;Dakar Plateau, Dakar, Sénégal;
Crampons Adidas;15 000 CFA;Dakar Plateau, Dakar, Sénégal;
Baskets Nike AF 1;25 000 CFA;Dakar Plateau, Dakar, Sénégal;
Baskets Nike;23 500 CFA;Dakar Plateau, Dakar, Sénégal;
Baskets Nike;23 000 CFA;Dakar Plateau, Dakar, Sénégal;
Chaussures Nike Air Force;25 000 CFA;Dakar Plateau, Dakar, Sénégal;
Baskets Asics;23 000 CFA;Dakar Plateau, Dakar, Sénégal;
Baskets Nike;25 000 CFA;Dakar Plateau, Dakar, Sénégal;
Baskets Nike;25 000 CFA;Dakar Plateau, Dakar, Sénégal;
Sandales Suprême;6 000 CFA;Dakar Plateau, Dakar, Sénégal;
Chaussures hommes;13 000 CFA;Dakar, Sénégal;
Baskets Nike Air Force One;20 000 CFA;Dakar Plateau, Dakar, Sénégal;
Chaussures Puma;20 000 CFA;Dakar Plateau, Dakar, Sénégal;
Chaussures Adidas;20 000 CFA;Dakar Plateau, Dakar, Sénégal;
Chaussures Stan Smith;15 000 CFA;Dakar Plateau, Dakar, Sénégal;
Chaussures Sebago;15 000 CFA;Dakar Plateau, Dakar, Sénégal;
Chaussures Sebago;15 000 CFA;Dakar Plateau, Dakar, Sénégal;
Chaussures Stan Smith;15 000 CFA;Dakar Plateau, Dakar, Sénégal;
Chaussures Vans;15 000 CFA;Dakar Plateau, Dakar, Sénégal;
Chaussures Puma;15 000 CFA;Dakar Plateau, Dakar, Sénégal;
Chaussures homme;18 000 CFA;Dakar Plateau, Dakar, Sénégal;
Stan smith;15 000 CFA;Dakar Plateau, Dakar, Sénégal;
Baskets Presto;15 000 CFA;Dakar Plateau, Dakar, Sénégal;
Chaussures homme;18 000 CFA;Dakar Plateau, Dakar, Sénégal;
Chaussures Reebok;18 000 CFA;Dakar Plateau, Dakar, Sénégal;
Chaussures Reebok;18 000 CFA;Dakar Plateau, Dakar, Sénégal;
Baskets Nike Air Force;20 000 CFA;Dakar Plateau, Dakar, Sénégal;
Chaussures Puma;18 000 CFA;Dakar Plateau, Dakar, Sénégal;
Chaussures All Star;15 000 CFA;Dakar Plateau, Dakar, Sénégal;
Baskets LeBron James 15;22 500 CFA;Dakar Plateau, Dakar, Sénégal;
Chaussures LeBron James;22 500 CFA;Dakar Plateau, Dakar, Sénégal;
Chaussures homme;Prix sur demande;Dakar Plateau, Dakar, Sénégal;
Tapettes;Prix sur demande;Dakar Plateau, Dakar, Sénégal;
Sandales  Nike;Prix sur demande;Dakar Plateau, Dakar, Sénégal;
Baskets Nike Vapormax;20 000 CFA;Dakar Plateau, Dakar, Sénégal;
Baskets Nike AF;18 000 CFA;Dakar Plateau, Dakar, Sénégal;
Chausssure Nike 270;22 500 CFA;Dakar Plateau, Dakar, Sénégal;
Baskets Nike 730;35 000 CFA;Dakar Plateau, Dakar, Sénégal;
Baskets Balenciaga;20 000 CFA;Dakar, Sénégal;
Baskets Stan Smith;15 000 CFA;Dakar, Sénégal;
Baskets Adidas;20 000 CFA;Dakar, Sénégal;
Chaussure adidas yeezy;20 000 CFA;Dakar, Sénégal;
Baskets Dior;25 000 CFA;Dakar, Sénégal;
Baskets Nike AF;23 500 CFA;Dakar, Sénégal;
Baskets Fila;18 000 CFA;Dakar, Sénégal;
Nike 270;20 000 CFA;Dakar, Sénégal;
Chaussure Jordan;25 000 CFA;Dakar, Sénégal;
Chaussures Nike;23 500 CFA;Dakar, Sénégal;
Chaussure Nike Air;22 000 CFA;Dakar, Sénégal;
Baskets Nike Zoom;25 000 CFA;Dakar, Sénégal;
Baskets Nike;20 000 CFA;Dakar, Sénégal;
Baskets Adidas Yeezy;20 000 CFA;Dakar, Sénégal;
Baskets Adidas;25 000 CFA;Dakar, Sénégal;
Baskets Nike;25 000 CFA;Dakar, Sénégal;
Chaussures Nike Air Max;20 000 CFA;Dakar, Sénégal;
Baskets Jordan One;20 000 CFA;Mermoz-Sacré Coeur, Dakar, Sénégal;
Chaussures Weston;100 000 CFA;Mermoz-Sacré Coeur, Dakar, Sénégal;
Chaussures Weston;100 000 CFA;Mermoz-Sacré Coeur, Dakar, Sénégal;
Chaussures Wallabies;23 500 CFA;Dakar, Sénégal;
Chaussures Wallabies;20 000 CFA;Dakar, Sénégal;
Chaussures Nike Zoom;20 000 CFA;Dakar, Sénégal;
Chaussures Nike;22 500 CFA;Dakar, Sénégal;
Chaussures Nike Zoom;20 000 CFA;Dakar, Sénégal;
Mocassins;15 000 CFA;Dakar, Sénégal;
Chaussures Adidas;23 500 CFA;Dakar, Sénégal;
Chaussures Adidas;20 000 CFA;Dakar, Sénégal;
Chaussures Puma;18 000 CFA;Dakar, Sénégal;
Chaussures homme;18 000 CFA;Dakar, Sénégal;
Chaussures Nike 270 o;17 000 CFA;Mermoz-Sacré Coeur, Dakar, Sénégal;
Chaussures Puma;17 000 CFA;Mermoz-Sacré Coeur, Dakar, Sénégal;
Chaussures Nike Tecno;25 000 CFA;Mermoz-Sacré Coeur, Dakar, Sénégal;
Baskets All Star;18 000 CFA;Dakar, Sénégal;
Mocassins homme;22 000 CFA;Dakar, Sénégal;
Mocassins homme;22 000 CFA;Dakar, Sénégal;
Mocassins  homme;15 000 CFA;Dakar, Sénégal;
Chaussures homme;5 000 CFA;Dieuppeul-Derklé, Dakar, Sénégal;
Baskets Air force One Dior;Prix sur demande;Dakar, Sénégal;
Baskets Jordan One;25 000 CFA;Dakar, Sénégal;
Baskets Nike;22 000 CFA;Dakar, Sénégal;
Chaussure Nike 270;20 000 CFA;Dakar, Sénégal;
Chaussure Jordan;25 000 CFA;Dakar, Sénégal;
Baskets Jordan;25 000 CFA;Dakar, Sénégal;
Baskets Nike;22 500 CFA;Dakar, Sénégal;
Chaussure Dior;45 000 CFA;Dakar, Sénégal;
Chaussure Adidas rom;22 500 CFA;Dakar, Sénégal;
Chaussure Nike;22 500 CFA;Dakar, Sénégal;
Stan Smith;15 000 CFA;Dakar, Sénégal;
Baskets Nike AF;22 500 CFA;Dakar, Sénégal;
Chaussure Nike;30 000 CFA;Dakar, Sénégal;
Baskets Adidas Yeezy;25 000 CFA;Dakar, Sénégal;
Chaussure Nike AF 1;25 000 CFA;Dakar, Sénégal;
Chaussure Timberland;25 000 CFA;Dakar, Sénégal;
Chaussure Timberland;25 000 CFA;Dakar, Sénégal;
Chaussures Timberland;25 000 CFA;Dakar, Sénégal;
Chaussure Adidas;25 000 CFA;Dakar, Sénégal;
Baskets Jordan One;60 000 CFA;Dakar, Sénégal;
Chaussure Jordan;30 000 CFA;Dakar, Sénégal;
Baskets Jordan;30 000 CFA;Dakar, Sénégal;
Chaussure Puma;25 000 CFA;Dakar, Sénégal;
Chaussure Jordan;25 000 CFA;Dakar, Sénégal;
Chaussures Vans;9 000 CFA;Biscuiterie, Dakar, Sénégal;
Chaussures Timberland;30 000 CFA;Dakar, Sénégal;
Baskets Adidas;25 000 CFA;Dakar, Sénégal;
Chaussure Wallabies;20 000 CFA;Dakar, Sénégal;
Wallabies daim;20 000 CFA;Dakar, Sénégal;
Chaussures homme;15 000 CFA;Dakar, Sénégal;
Chaussures Louboutin;35 000 CFA;Dakar, Sénégal;
Chaussures Louboutin;35 000 CFA;Dakar, Sénégal;
Baskets mixtes;15 000 CFA;Dakar, Sénégal;
Adidas Samba;20 000 CFA;Dakar, Sénégal;
Chaussures Nike Shox;25 000 CFA;Dakar, Sénégal;
Chaussures Louboutin;35 000 CFA;Dakar, Sénégal;
Chaussures Nike 95;22 500 CFA;Dakar, Sénégal;
Air max;25 000 CFA;Dakar, Sénégal;
Chaussures Jordan One;25 000 CFA;Dakar, Sénégal;
Chaussures Nike AF;25 000 CFA;Dakar, Sénégal;
Baskets Adidas;25 000 CFA;Dakar, Sénégal;
Chaussures Reebok;18 000 CFA;Dakar, Sénégal;
Chaussures Nike AF;15 000 CFA;Dakar, Sénégal;
Baskets Puma;25 000 CFA;Dakar, Sénégal;
Baskets Nike;20 000 CFA;Dakar, Sénégal;
Chaussures Adidas Topanga;20 000 CFA;Dakar, Sénégal;
Chaussures Stan Smith;15 000 CFA;Dakar, Sénégal;
Nike shoxx;25 000 CFA;Dakar, Sénégal;
Boots;30 000 CFA;Dakar, Sénégal;
Boots en daim;25 000 CFA;Dakar, Sénégal;
Chaussures Jordan;25 000 CFA;Dakar, Sénégal;
Chaussures Nike Zoom X;20 000 CFA;Dakar, Sénégal;
Chaussures Nike Under;25 000 CFA;Dakar, Sénégal;
Baskets Nike under amour;25 000 CFA;Dakar, Sénégal;
Baskets Jordan One;35 000 CFA;Dakar, Sénégal;
Baskets LeBron James;25 000 CFA;Dakar, Sénégal;
Baskets LeBron James;25 000 CFA;Dakar, Sénégal;
Baskets Jordan;30 000 CFA;Dakar, Sénégal;
Baskets Nike Air;22 500 CFA;Dakar, Sénégal;
Baskets Adidas Samba;18 000 CFA;Dakar, Sénégal;
Chaussures Adidas samba;20 000 CFA;Dakar, Sénégal;
Baskets Nike;25 000 CFA;Dakar, Sénégal;
Baskets Puma;22 500 CFA;Dakar, Sénégal;
Baskets Nike Af;25 000 CFA;Dakar, Sénégal;
Chaussures Nike vapor;20 000 CFA;Dakar, Sénégal;
Baskets Nike AF;20 000 CFA;Dakar, Sénégal;
Baskets Nike shoxx;25 000 CFA;Dakar, Sénégal;
Baskets Nike shoxx;25 000 CFA;Dakar, Sénégal;
Baskets Nike Shox;25 000 CFA;Dakar, Sénégal;
Baskets Jordan;25 000 CFA;Dakar, Sénégal;
Chaussures Timberland;25 000 CFA;Dakar, Sénégal;
Chaussures Fendi;30 000 CFA;Dakar, Sénégal;
Chaussures Timberland;25 000 CFA;Dakar, Sénégal;
Chaussures Timberland;25 000 CFA;Dakar, Sénégal;
Baskets Nike 270;25 000 CFA;Dakar, Sénégal;
Baskets Jordan;25 000 CFA;Dakar, Sénégal;
Baskets Jordan;25 000 CFA;Dakar, Sénégal;
Baskets Jordan;25 000 CFA;Dakar, Sénégal;
Baskets Jordan;30 000 CFA;Dakar, Sénégal;
Chaussures Jordan;25 000 CFA;Dakar, Sénégal;
Baskets Jordan;30 000 CFA;Dakar, Sénégal;
Chaussures Adidas crazy one;25 000 CFA;Dakar, Sénégal;
Chaussures Adidas Yeezy;18 000 CFA;Dakar, Sénégal;
Chaussures Adidas yeezy;20 000 CFA;Dakar, Sénégal;
Baskets Nike;25 000 CFA;Dakar, Sénégal;
Chaussures Daim;25 000 CFA;Dakar, Sénégal;
Chaussures de ville;30 000 CFA;Dakar, Sénégal;
Chaussures montantes;30 000 CFA;Dakar, Sénégal;
Chaussures Weston;25 000 CFA;Dakar, Sénégal;
Chaussures Boots;25 000 CFA;Dakar, Sénégal;
Chaussures Adidas;25 000 CFA;Dakar, Sénégal;
Chaussures Wallabies;25 000 CFA;Dakar, Sénégal;
Chaussures Nike;22 500 CFA;Dakar, Sénégal;
Chaussures Nike zoom;15 000 CFA;Dakar, Sénégal;
Chaussures Puma;18 000 CFA;Dakar, Sénégal;
Chaussures Adidas Topanga;20 000 CFA;Dakar, Sénégal;
Chaussures Adidas;18 000 CFA;Dakar, Sénégal;
Baskets Air force One Nike;Prix sur demande;Dakar, Sénégal;
Baskets Yeezy 500 pour femme;Prix sur demande;Dakar, Sénégal;
Baskets Jordan 6 Jeans;Prix sur demande;Dakar, Sénégal;
Baskets Adidas;Prix sur demande;Dakar, Sénégal;
Chaussures homme;5 000 CFA;Dieuppeul-Derklé, Dakar, Sénégal;
Chaussures;20 000 CFA;Dakar Plateau, Dakar, Sénégal;
Chaussures homme;20 000 CFA;Dakar Plateau, Dakar, Sénégal;
Chaussures homme;20 000 CFA;Dakar Plateau, Dakar, Sénégal;
Baskets Jordan Rétro 4;Prix sur demande;Dakar, Sénégal;
Chaussures All Star Converse;Prix sur demande;Dakar, Sénégal;
Sandales;7 000 CFA;Dakar, Sénégal;
Chaussures de ville;25 000 CFA;Dakar, Sénégal;
Chaussures de ville;25 000 CFA;Dakar, Sénégal;
Chaussures Nike;20 000 CFA;Dakar, Sénégal;
Chaussures Sebago;15 000 CFA;Dakar, Sénégal;
Chaussures Sebago;15 000 CFA;Dakar, Sénégal;
Chaussures All Star;15 000 CFA;Dakar, Sénégal;
Baskets Adidas;25 000 CFA;Dakar, Sénégal;
Baskets Puma;20 000 CFA;Dakar, Sénégal;
Baskets Nike;20 000 CFA;Dakar, Sénégal;
Baskets Adidas;20 000 CFA;Dakar, Sénégal;
Baskets Jordan;30 000 CFA;Dakar, Sénégal;
Baskets Adidas;25 000 CFA;Dakar, Sénégal;
Baskets Adidas;25 000 CFA;Dakar, Sénégal;
Baskets Jordan;25 000 CFA;Dakar, Sénégal;
Chaussures Jordan;25 000 CFA;Dakar, Sénégal;
Baskets Jordan One;25 000 CFA;Dakar, Sénégal;
Chaussures Jordan;30 000 CFA;Dakar, Sénégal;
