type_habits;prix;adresse;image_lien
Ensemble Homme;13 000 CFA;Dakar Plateau, Dakar, Sénégal;
Ensemble Vêtement Homme;13 000 CFA;Dakar Plateau, Dakar, Sénégal;
Ensemble;13 000 CFA;Dakar Plateau, Dakar, Sénégal;background-image:url(https://images.coinafrique.com/thumb_2114936_uploaded_image1_1589502991.jpg)
Ensemble polo et pantalon;13 000 CFA;Dakar Plateau, Dakar, Sénégal;
Ensemble;13 000 CFA;Dakar Plateau, Dakar, Sénégal;
Ensemble polo et pantalon;14 000 CFA;Dakar Plateau, Dakar, Sénégal;
Ensemble polo et pantalon;14 000 CFA;Dakar Plateau, Dakar, Sénégal;
Ensemble polo et pantalon;14 000 CFA;Dakar Plateau, Dakar, Sénégal;
Pantalon kaki;6 500 CFA;Dakar Plateau, Dakar, Sénégal;
Pantalon kaki;6 500 CFA;Dakar Plateau, Dakar, Sénégal;
Pantalon kaki;6 500 CFA;Dakar Plateau, Dakar, Sénégal;
Pantalon kaki;6 500 CFA;Dakar Plateau, Dakar, Sénégal;
Pantalon kaki;6 500 CFA;Dakar Plateau, Dakar, Sénégal;
Pantalon kaki;6 500 CFA;Dakar Plateau, Dakar, Sénégal;
Ensemble homme;13 000 CFA;Dakar Plateau, Dakar, Sénégal;
Ensemble homme;13 000 CFA;Dakar Plateau, Dakar, Sénégal;
Ensemble homme;13 000 CFA;Dakar Plateau, Dakar, Sénégal;
Pantalon Kaki;6 500 CFA;Dakar Plateau, Dakar, Sénégal;
Pantalon Kaki;6 500 CFA;Dakar Plateau, Dakar, Sénégal;
Pantalon Kaki;6 500 CFA;Dakar Plateau, Dakar, Sénégal;
Pantalon Kaki;6 500 CFA;Dakar Plateau, Dakar, Sénégal;
Pantalon Kaki;6 500 CFA;Dakar Plateau, Dakar, Sénégal;
Ensemble homme;13 000 CFA;Hann Bel-Air, Dakar, Sénégal;
Sandales homme;10 000 CFA;Dakar-Plateau, Dakar, Sénégal;
Chemise homme;12 000 CFA;Dakar-Plateau, Dakar, Sénégal;
Pantalon Jeans Turquie;12 000 CFA;Dakar, Sénégal;
Pantalon Jeans;12 000 CFA;Dakar, Sénégal;
Pantalon Jeans Turquie;12 000 CFA;Dakar, Sénégal;
Pantalon Kaki;7 500 CFA;Grand Yoff, Dakar, Sénégal;
Ensemble homme;13 500 CFA;Grand Yoff, Dakar, Sénégal;
Ensemble homme;13 500 CFA;Grand Yoff, Dakar, Sénégal;
Polo Lacoste;60 000 CFA;Dakar, Sénégal;
Dialaba capuche et pantalon;15 000 CFA;Guediawaye, Dakar, Sénégal;
Costumes africains;25 000 CFA;Fann, Dakar, Sénégal;
Polo Lacoste;4 000 CFA;Guediawaye, Dakar, Sénégal;
Blouson homme;25 000 CFA;Dakar, Sénégal;
Ensemble homme;15 000 CFA;Dakar, Sénégal;
Ensemble polo et pantalon;15 000 CFA;Dakar, Sénégal;
Tenue africaine;22 000 CFA;Dakar, Sénégal;
Tuniques homme 3 pièces;45 000 CFA;Dakar, Sénégal;
Tenue africaine;25 000 CFA;Dakar, Sénégal;
Tenue africaine;20 000 CFA;Dakar, Sénégal;
Pantalons Garçon;4 500 CFA;Dakar Plateau, Dakar, Sénégal;
Ensemble Homme;10 000 CFA;Dakar Plateau, Dakar, Sénégal;
Ensemble habits;10 000 CFA;Dakar Plateau, Dakar, Sénégal;
Ensembles Garçon;10 000 CFA;Dakar Plateau, Dakar, Sénégal;
Shirt;3 000 CFA;Dakar Plateau, Dakar, Sénégal;
T-shirts homme;3 000 CFA;Dakar Plateau, Dakar, Sénégal;
T-shirt;3 000 CFA;Dakar Plateau, Dakar, Sénégal;
Pantalon Kaki;6 500 CFA;Dakar Plateau, Dakar, Sénégal;
Pantalons Kaki;6 500 CFA;Dakar Plateau, Dakar, Sénégal;
Pantalon Kaki;6 500 CFA;Dakar Plateau, Dakar, Sénégal;
Pantalon Kaki;6 500 CFA;Dakar Plateau, Dakar, Sénégal;
Pantalon Kaki;6 500 CFA;Dakar Plateau, Dakar, Sénégal;
Pantalon kaki;6 500 CFA;Dakar Plateau, Dakar, Sénégal;
Ensemble;13 000 CFA;Dakar Plateau, Dakar, Sénégal;
Ensemble Homme;13 000 CFA;Dakar Plateau, Dakar, Sénégal;
Ensemble;13 000 CFA;Dakar Plateau, Dakar, Sénégal;
Ensemble homme;14 000 CFA;Dakar Plateau, Dakar, Sénégal;background-image:url(https://images.coinafrique.com/thumb_2120908_uploaded_image1_1589586953.jpg)
Ensemble homme;14 000 CFA;Dakar Plateau, Dakar, Sénégal;
Habits;Prix sur demande;Dakar-Plateau, Dakar, Sénégal;
Ensemble vêtements;10 000 CFA;Dakar Plateau, Dakar, Sénégal;
Ensembles homme;10 000 CFA;Dakar Plateau, Dakar, Sénégal;
Ensemble Vêtements Homme;13 000 CFA;Dakar Plateau, Dakar, Sénégal;
Ensemble vêtements;13 000 CFA;Dakar Plateau, Dakar, Sénégal;
Ensembles;13 000 CFA;Dakar Plateau, Dakar, Sénégal;
Pantalons Kaki;6 500 CFA;Dakar Plateau, Dakar, Sénégal;
Pantalons Kaki;6 500 CFA;Dakar Plateau, Dakar, Sénégal;
Pantalon kaki;6 500 CFA;Dakar Plateau, Dakar, Sénégal;
T-shirt;3 000 CFA;Dakar Plateau, Dakar, Sénégal;
T-Shirt;3 000 CFA;Dakar Plateau, Dakar, Sénégal;
T-shirt;3 000 CFA;Dakar Plateau, Dakar, Sénégal;
Tee-shirts;3 000 CFA;Dakar Plateau, Dakar, Sénégal;
Vêtements;10 000 CFA;Dakar, Sénégal;
Ensemble vêtements;12 500 CFA;Dakar, Sénégal;
Jeans Turquie;12 000 CFA;Dakar, Sénégal;
Jeans Turquie;12 000 CFA;Dakar, Sénégal;
Vêtements homme;12 000 CFA;Dakar, Sénégal;
Jeans Turque;12 000 CFA;Dakar, Sénégal;
T-shirt Lacoste;10 000 CFA;Dakar, Sénégal;
Vêtements homme;25 000 CFA;Dakar, Sénégal;
Vêtements homme;Prix sur demande;Dieuppeul-Derklé, Dakar, Sénégal;
Ensemble jogging;13 000 CFA;Dakar, Sénégal;
Vêtements homme;8 000 CFA;Dakar-Plateau, Dakar, Sénégal;
T-shirt couleur unique 100% coton;2 000 CFA;Dakar, Sénégal;
T- shirt;2 000 CFA;Dakar Plateau, Dakar, Sénégal;
Débardeur;1 500 CFA;Dakar Plateau, Dakar, Sénégal;
Pantalon blouson et t-shirt;11 000 CFA;Guediawaye, Dakar, Sénégal;
Ensemble Vêtements;10 000 CFA;Dakar Plateau, Dakar, Sénégal;
Ensemble Vêtements;10 000 CFA;Dakar Plateau, Dakar, Sénégal;
Ensemble homme;5 500 CFA;Dakar Plateau, Dakar, Sénégal;
Ensemble homme;5 500 CFA;Dakar Plateau, Dakar, Sénégal;
Boubou homme;10 000 CFA;Dakar-Plateau, Dakar, Sénégal;
Ensemble homme;5 500 CFA;Dakar Plateau, Dakar, Sénégal;
Ensemble Vêtements;5 500 CFA;Dakar Plateau, Dakar, Sénégal;
Ensemble homme;5 500 CFA;Dakar Plateau, Dakar, Sénégal;
Ensemble Vêtements;10 000 CFA;Dakar Plateau, Dakar, Sénégal;
Ensemble Vêtements;10 000 CFA;Dakar Plateau, Dakar, Sénégal;
Ensembles;10 000 CFA;Dakar Plateau, Dakar, Sénégal;
Ensemble Vêtements;10 000 CFA;Dakar Plateau, Dakar, Sénégal;
Ensemble Vêtements;14 000 CFA;Dakar Plateau, Dakar, Sénégal;
Ensembles;14 000 CFA;Dakar Plateau, Dakar, Sénégal;
Ensemble Vêtements;14 000 CFA;Dakar Plateau, Dakar, Sénégal;
Chemises;13 000 CFA;Dakar Plateau, Dakar, Sénégal;
Ensembles;13 000 CFA;Dakar Plateau, Dakar, Sénégal;
Ensemble Vêtements Homme;13 000 CFA;Dakar Plateau, Dakar, Sénégal;
Ensemble homme;13 008 CFA;Dakar Plateau, Dakar, Sénégal;
Ensembles;13 000 CFA;Dakar Plateau, Dakar, Sénégal;
Ensemble homme;13 000 CFA;Dakar Plateau, Dakar, Sénégal;
Pantalons Kaki;6 500 CFA;Dakar Plateau, Dakar, Sénégal;
Pantalon Kaki;6 500 CFA;Dakar Plateau, Dakar, Sénégal;
Vêtements homme;6 500 CFA;Dakar Plateau, Dakar, Sénégal;
Vêtements homme;6 500 CFA;Dakar Plateau, Dakar, Sénégal;
Pantalons Kaki;6 500 CFA;Dakar Plateau, Dakar, Sénégal;
Pantalons Kaki;6 500 CFA;Dakar Plateau, Dakar, Sénégal;
Ensemble jogging;10 000 CFA;Dakar Plateau, Dakar, Sénégal;
Ensembles;10 000 CFA;Dakar Plateau, Dakar, Sénégal;
Ensemble pour homme;10 000 CFA;Dakar Plateau, Dakar, Sénégal;
Ensemble Vêtement;13 000 CFA;Dakar Plateau, Dakar, Sénégal;
Ensemble homme;14 000 CFA;Dakar Plateau, Dakar, Sénégal;
Ensemble homme;11 000 CFA;Dakar Plateau, Dakar, Sénégal;
Ensembles homme;11 000 CFA;Dakar Plateau, Dakar, Sénégal;
Ensembles homme;10 000 CFA;Dakar Plateau, Dakar, Sénégal;
Ensemble Vêtement;10 000 CFA;Dakar Plateau, Dakar, Sénégal;
Ensemble homme;10 000 CFA;Dakar Plateau, Dakar, Sénégal;
Ensemble homme;13 000 CFA;Dakar Plateau, Dakar, Sénégal;
T- shirt;3 000 CFA;Dakar Plateau, Dakar, Sénégal;
T-shirt;3 000 CFA;Dakar Plateau, Dakar, Sénégal;
T-shirt homme;3 000 CFA;Dakar Plateau, Dakar, Sénégal;
Bombers;13 000 CFA;Dakar, Sénégal;
Pantalon et Lacoste;16 000 CFA;Guediawaye, Dakar, Sénégal;
Polos homme;10 000 CFA;Dakar, Sénégal;
Jogging homme;25 000 CFA;Dakar, Sénégal;background-image:url(https://images.coinafrique.com/thumb_2128801_uploaded_image1_1589732493.jpg)
Ensemble Lacoste;12 500 CFA;Biscuiterie, Dakar, Sénégal;
Ensemble Lacoste Club;10 000 CFA;Biscuiterie, Dakar, Sénégal;
Djellaba;10 000 CFA;Dakar, Sénégal;
Pull over;3 000 CFA;Dakar, Sénégal;
Chemise;3 000 CFA;Dakar, Sénégal;
T-shirts;4 500 CFA;Rufisque, Sénégal;
Ensemble jogging;10 000 CFA;Dakar Plateau, Dakar, Sénégal;
Ensemble;10 000 CFA;Dakar Plateau, Dakar, Sénégal;
Ensemble habits;10 000 CFA;Dakar Plateau, Dakar, Sénégal;
Ensemble homme;10 000 CFA;Dakar Plateau, Dakar, Sénégal;
Ensemble;13 000 CFA;Dakar Plateau, Dakar, Sénégal;
Ensemble habits;13 000 CFA;Dakar Plateau, Dakar, Sénégal;
Ensemble pantalons et chemise;13 000 CFA;Dakar Plateau, Dakar, Sénégal;
Ensemble pantalons et chemise;14 000 CFA;Dakar Plateau, Dakar, Sénégal;
Ensemble habits;14 000 CFA;Dakar Plateau, Dakar, Sénégal;
Ensemble polo et pantalon;14 000 CFA;Dakar Plateau, Dakar, Sénégal;
Ensemble short et t-shirt;10 000 CFA;HLM, Dakar, Sénégal;
Ensemble short et tee-shirt;Prix sur demande;Dakar Plateau, Dakar, Sénégal;
Ensemble Short - Tee shirt Adidas;Prix sur demande;Dakar Plateau, Dakar, Sénégal;
Joggings;Prix sur demande;Dakar Plateau, Dakar, Sénégal;
Ensemble  complet;15 000 CFA;Parcelle Assainies, Dakar, Sénégal;
Tuniques homme;25 000 CFA;Dakar-Plateau, Dakar, Sénégal;
Ensemble pantalon + t-shirt;12 000 CFA;Fass, Dakar, Sénégal;
T-shirt;4 000 CFA;Dakar-Plateau, Dakar, Sénégal;
Ensemble homme;12 000 CFA;Guediawaye, Dakar, Sénégal;
Ensemble pantalon + t-shirt;12 000 CFA;Fass, Dakar, Sénégal;
Ensemble pantalon + t-shirt;12 000 CFA;Fass, Dakar, Sénégal;
Ensemble homme;12 000 CFA;Grand Dakar, Dakar, Sénégal;
Ensemble Short + casquette;12 000 CFA;Grand Dakar, Dakar, Sénégal;
Ensemble Adidas;12 000 CFA;Grand Dakar, Dakar, Sénégal;
Ensemble homme;15 000 CFA;Grand Dakar, Dakar, Sénégal;
Ensemble homme;18 000 CFA;Grand Dakar, Dakar, Sénégal;
Ensemble homme;10 000 CFA;Grand Dakar, Dakar, Sénégal;
Ensemble homme;15 000 CFA;Grand Dakar, Dakar, Sénégal;
Ensemble homme;18 000 CFA;Grand Dakar, Dakar, Sénégal;
Pack t-shirts à col rond;10 000 CFA;Hann Bel-Air, Dakar, Sénégal;
Tee-shirts homme;9 900 CFA;Sicap Liberté, Dakar, Sénégal;
T-shirts unique;Prix sur demande;Sicap Liberté, Dakar, Sénégal;
T-shirts de qualité;Prix sur demande;Sicap Liberté, Dakar, Sénégal;
Ensembles;10 000 CFA;Dakar Plateau, Dakar, Sénégal;
Ensemble Adidas;10 000 CFA;Dakar Plateau, Dakar, Sénégal;
Ensemble homme;10 000 CFA;Dakar Plateau, Dakar, Sénégal;
Ensembles;10 000 CFA;Dakar Plateau, Dakar, Sénégal;
Ensemble homme;13 000 CFA;Dakar Plateau, Dakar, Sénégal;
Ensemble homme;13 000 CFA;Dakar Plateau, Dakar, Sénégal;
Ensemble;13 000 CFA;Dakar Plateau, Dakar, Sénégal;
Ensembles;13 000 CFA;Dakar Plateau, Dakar, Sénégal;
Ensembles;10 000 CFA;Dakar Plateau, Dakar, Sénégal;
Ensemble Homme;10 000 CFA;Dakar Plateau, Dakar, Sénégal;
Ensemble Homme;10 000 CFA;Dakar Plateau, Dakar, Sénégal;
Ensemble vêtements homme;10 000 CFA;Dakar Plateau, Dakar, Sénégal;
Ensemble vêtements homme;Prix sur demande;Dakar Plateau, Dakar, Sénégal;
Ensemble homme;10 000 CFA;Dakar Plateau, Dakar, Sénégal;
Ensemble;10 000 CFA;Dakar Plateau, Dakar, Sénégal;
Ensemble culotte;10 000 CFA;Dakar Plateau, Dakar, Sénégal;
Ensemble homme;10 000 CFA;Dakar Plateau, Dakar, Sénégal;
Pantalon kaki;6 500 CFA;Dakar Plateau, Dakar, Sénégal;
Pantalon Kaki;6 500 CFA;Dakar Plateau, Dakar, Sénégal;
Pantalons Kaki;6 500 CFA;Dakar Plateau, Dakar, Sénégal;
Tuniques homme;Prix sur demande;Patte d'oie, Dakar, Sénégal;
Ensemble Pantalon - T-Shirt - Casquette;12 500 CFA;Fann, Dakar, Sénégal;
Ensemble Homme;12 500 CFA;Fann, Dakar, Sénégal;
Tee-shirts;6 000 CFA;Dakar, Sénégal;
Ensemble homme;20 000 CFA;Dakar, Sénégal;
Boxer;2 500 CFA;Fass, Dakar, Sénégal;
Caleçon culotte;2 500 CFA;Fass, Dakar, Sénégal;
Caleçon culotte;2 500 CFA;Fass, Dakar, Sénégal;
Short en coton;6 000 CFA;Dakar, Sénégal;
Pantalon ecoché;12 000 CFA;Dakar Plateau, Dakar, Sénégal;
Ensemble complet;10 000 CFA;Dakar Plateau, Dakar, Sénégal;
Caleçons;Prix sur demande;Sicap Liberté, Dakar, Sénégal;
Caleçons homme;Prix sur demande;Sicap Liberté, Dakar, Sénégal;
Ensemble homme;10 000 CFA;Dakar Plateau, Dakar, Sénégal;
Ensemble Homme;10 000 CFA;Dakar Plateau, Dakar, Sénégal;
Ensemble habits;10 000 CFA;Dakar Plateau, Dakar, Sénégal;
Ensembles;13 000 CFA;Dakar Plateau, Dakar, Sénégal;
Ensemble polo et pantalon;13 000 CFA;Dakar Plateau, Dakar, Sénégal;
Ensemble polo et pantalon;13 000 CFA;Dakar Plateau, Dakar, Sénégal;
Ensemble habits;10 000 CFA;Dakar Plateau, Dakar, Sénégal;
Tuniques homme;20 000 CFA;Dakar, Sénégal;
Tunique homme;25 000 CFA;Dakar, Sénégal;
Vêtement homme;45 000 CFA;Dakar, Sénégal;
Chemise homme;10 000 CFA;Dakar, Sénégal;
Chemise fleurette;10 000 CFA;Dakar, Sénégal;
Chemise homme;10 000 CFA;Dakar, Sénégal;
Chemise homme;10 000 CFA;Dakar, Sénégal;
Boubou africain homme;35 000 CFA;Mermoz-Sacré Coeur, Dakar, Sénégal;
Pantalon homme;1 000 CFA;Dakar Plateau, Dakar, Sénégal;
Polos homme;12 000 CFA;Dakar, Sénégal;
Ensemble homme;12 000 CFA;Dakar Plateau, Dakar, Sénégal;
Ensemble homme;12 000 CFA;Dakar Plateau, Dakar, Sénégal;
Ensemble vêtements;13 000 CFA;Dakar Plateau, Dakar, Sénégal;
Ensemble homme;14 000 CFA;Dakar Plateau, Dakar, Sénégal;
Ensembles homme;14 000 CFA;Dakar Plateau, Dakar, Sénégal;
Ensemble homme;10 000 CFA;Dakar Plateau, Dakar, Sénégal;
Ensemble vêtements;10 000 CFA;Dakar Plateau, Dakar, Sénégal;
Ensembles;10 000 CFA;Dakar Plateau, Dakar, Sénégal;
Ensembles homme;10 000 CFA;Dakar Plateau, Dakar, Sénégal;
Ensemble vêtements;13 000 CFA;Dakar Plateau, Dakar, Sénégal;
Kaki;6 500 CFA;Dakar Plateau, Dakar, Sénégal;
Vêtements homme;6 500 CFA;Dakar Plateau, Dakar, Sénégal;
Vêtements homme;6 500 CFA;Dakar Plateau, Dakar, Sénégal;
Ensemble vêtements;10 000 CFA;Dakar Plateau, Dakar, Sénégal;
Pantalon homme;Prix sur demande;Dakar Plateau, Dakar, Sénégal;
Pantalon;Prix sur demande;Dakar Plateau, Dakar, Sénégal;
Pantalon homme;Prix sur demande;Dakar Plateau, Dakar, Sénégal;
Pantalon homme;12 000 CFA;Dakar, Sénégal;
Pantalon homme;12 000 CFA;Dakar, Sénégal;
Ensemble Nike;15 000 CFA;Dakar, Sénégal;
Habits;Prix sur demande;Dakar-Plateau, Dakar, Sénégal;
Promo Sweat;6 000 CFA;Yoff, Dakar, Sénégal;
Costume africain;20 000 CFA;Dakar, Sénégal;
Pantalon coton;Prix sur demande;Dakar, Sénégal;
T-shirt en coton SM - SK;2 000 CFA;Les Parcelles Assainies, Dakar, Sénégal;
Chemise décontractée;10 000 CFA;Parcelle Assainies, Dakar, Sénégal;
Chemise;10 000 CFA;Parcelle Assainies, Dakar, Sénégal;
Chemise;10 000 CFA;Parcelle Assainies, Dakar, Sénégal;
Chemise;10 000 CFA;Parcelle Assainies, Dakar, Sénégal;
Chemise;10 000 CFA;Parcelle Assainies, Dakar, Sénégal;
Chemise;10 000 CFA;Parcelle Assainies, Dakar, Sénégal;
Chemise;10 000 CFA;Parcelle Assainies, Dakar, Sénégal;
Chemise;10 000 CFA;Parcelle Assainies, Dakar, Sénégal;
Chemise;10 000 CFA;Parcelle Assainies, Dakar, Sénégal;
Chemise homme;10 000 CFA;Parcelle Assainies, Dakar, Sénégal;
Chemise;10 000 CFA;Parcelle Assainies, Dakar, Sénégal;
Chemises;10 000 CFA;Parcelle Assainies, Dakar, Sénégal;
Chemise décontractée;10 000 CFA;Parcelle Assainies, Dakar, Sénégal;
Chemise;10 000 CFA;Parcelle Assainies, Dakar, Sénégal;
Polo Lacoste;10 000 CFA;Dakar, Sénégal;
Dialabé homme;7 000 CFA;Dakar, Sénégal;
Pantalons Kaki;6 500 CFA;Dakar Plateau, Dakar, Sénégal;
Kaki pantalons;6 500 CFA;Dakar Plateau, Dakar, Sénégal;
Pantalons Kaki;6 500 CFA;Dakar Plateau, Dakar, Sénégal;
Pantalons Kaki;6 500 CFA;Dakar Plateau, Dakar, Sénégal;
Pantalons Kaki;6 500 CFA;Dakar Plateau, Dakar, Sénégal;
Pantalons Kaki;6 500 CFA;Dakar Plateau, Dakar, Sénégal;
Ensemble homme;14 000 CFA;Dakar Plateau, Dakar, Sénégal;
Ensemble homme;14 000 CFA;Dakar Plateau, Dakar, Sénégal;
Ensemble;14 000 CFA;Dakar Plateau, Dakar, Sénégal;
Ensemble vêtements;13 000 CFA;Dakar Plateau, Dakar, Sénégal;
Ensembles homme;13 000 CFA;Dakar Plateau, Dakar, Sénégal;
Pantalon;8 500 CFA;Dakar Plateau, Dakar, Sénégal;
Pantalon;8 500 CFA;Dakar Plateau, Dakar, Sénégal;
Costumes african homme et femme;30 000 CFA;Yoff, Dakar, Sénégal;
Jallabé;10 000 CFA;Dakar, Sénégal;
Jallabé;10 000 CFA;Dakar, Sénégal;
Ensemble tee-shirt et short;9 000 CFA;Dakar, Sénégal;
Tee-shirts;5 000 CFA;Dakar, Sénégal;
Ensemble T-shirt;13 000 CFA;Dakar, Sénégal;
T-shirt;5 000 CFA;Dakar, Sénégal;
Ensemble Lacoste Kaki;15 000 CFA;Dakar, Sénégal;
Ensemble shirt short unitaire ou couple;10 000 CFA;Dakar, Sénégal;
Ensemble t-shirt - short;10 000 CFA;Dakar, Sénégal;
Pantalon Kaki;6 500 CFA;Dakar Plateau, Dakar, Sénégal;
Pantalon Kaki;6 500 CFA;Dakar Plateau, Dakar, Sénégal;
Pantalon Kaki;6 500 CFA;Dakar Plateau, Dakar, Sénégal;
Pantalon Kaki;6 500 CFA;Dakar Plateau, Dakar, Sénégal;
Pantalon Kaki;6 500 CFA;Dakar Plateau, Dakar, Sénégal;
Pantalon Kaki;6 500 CFA;Dakar Plateau, Dakar, Sénégal;
Pantalon Kaki;6 500 CFA;Dakar Plateau, Dakar, Sénégal;
Ensemble homme;14 000 CFA;Dakar Plateau, Dakar, Sénégal;
Ensemble homme;14 000 CFA;Dakar Plateau, Dakar, Sénégal;
Ensemble homme;14 000 CFA;Dakar Plateau, Dakar, Sénégal;
Ensemble homme;13 000 CFA;Dakar Plateau, Dakar, Sénégal;
Ensemble homme;13 000 CFA;Dakar Plateau, Dakar, Sénégal;
Ensemble homme;13 000 CFA;Dakar Plateau, Dakar, Sénégal;
Ensemble homme;13 000 CFA;Dakar Plateau, Dakar, Sénégal;
Pantalon homme;8 500 CFA;Dakar Plateau, Dakar, Sénégal;
Pantalon homme;8 500 CFA;Dakar Plateau, Dakar, Sénégal;
Ensemble homme;Prix sur demande;Dakar Plateau, Dakar, Sénégal;
Ensemble homme;Prix sur demande;Dakar Plateau, Dakar, Sénégal;
Ensemble homme;Prix sur demande;Dakar Plateau, Dakar, Sénégal;
Ensemble homme;Prix sur demande;Dakar Plateau, Dakar, Sénégal;
Polo Lacoste;4 500 CFA;Dakar Plateau, Dakar, Sénégal;
Vêtement mixte;Prix sur demande;Grand Yoff, Dakar, Sénégal;
Vêtement homme;Prix sur demande;Grand Yoff, Dakar, Sénégal;
Ensemble homme;9 000 CFA;Dakar, Sénégal;
Ensemble homme;9 000 CFA;Dakar, Sénégal;
Ensemble homme;9 000 CFA;Sénégal;
Pantalon homme;6 000 CFA;Sénégal;
Vêtement homme;Prix sur demande;Grand Yoff, Dakar, Sénégal;
Jean homme;9 000 CFA;Rufisque, Sénégal;
Ensemble Vêtements Hommes;Prix sur demande;Dakar Plateau, Dakar, Sénégal;
Ensemble Vêtement Homme;Prix sur demande;Dakar Plateau, Dakar, Sénégal;
Ensemble homme;Prix sur demande;Dakar Plateau, Dakar, Sénégal;
Pantalons;8 500 CFA;Dakar Plateau, Dakar, Sénégal;
Pantalons homme;8 500 CFA;Dakar Plateau, Dakar, Sénégal;
Pantalon homme;8 500 CFA;Dakar Plateau, Dakar, Sénégal;
Ensemble homme;14 000 CFA;Dakar Plateau, Dakar, Sénégal;
Ensemble homme;14 000 CFA;Dakar Plateau, Dakar, Sénégal;
Pantalons Kaki;6 500 CFA;Dakar Plateau, Dakar, Sénégal;
Pantalon kaki;6 500 CFA;Dakar Plateau, Dakar, Sénégal;background-image:url(https://images.coinafrique.com/thumb_2159649_uploaded_image1_1590193844.jpg)
Pantalon Kaki;6 500 CFA;Dakar Plateau, Dakar, Sénégal;
Pantalon Kaki;6 500 CFA;Dakar Plateau, Dakar, Sénégal;
Sous vêtements;4 000 CFA;Hann Bel-Air, Dakar, Sénégal;
Ensemble homme;Prix sur demande;Dakar Plateau, Dakar, Sénégal;
Ensemble homme;Prix sur demande;Dakar Plateau, Dakar, Sénégal;
Ensemble homme;Prix sur demande;Dakar Plateau, Dakar, Sénégal;
Chemise homme;6 000 CFA;Biscuiterie, Dakar, Sénégal;
Bombers;15 000 CFA;Dakar, Sénégal;
T-shirt en coton;2 000 CFA;Les Parcelles Assainies, Dakar, Sénégal;
Blousons;25 000 CFA;Dakar, Sénégal;
Boubou;Prix sur demande;Dieuppeul-Derklé, Dakar, Sénégal;
Vêtements mixtes;9 000 CFA;Dakar-Plateau, Dakar, Sénégal;
T-shirt;4 000 CFA;Sénégal;
Ensemble costume;23 000 CFA;Dakar, Sénégal;
Ensemble Tee-shirt short - Adidas;9 000 CFA;Dakar, Sénégal;background-image:url(https://images.coinafrique.com/thumb_2169716_uploaded_image1_1590411561.jpg)
Djellaba;10 000 CFA;Dakar, Sénégal;
Ensemble blouson pantalon;15 000 CFA;HLM, Dakar, Sénégal;
Ensemble blouson pantalon original;20 000 CFA;HLM, Dakar, Sénégal;
Pantalons Kaki;10 000 CFA;Dakar, Sénégal;
Tee-shirt coton;1 500 CFA;Les Parcelles Assainies, Dakar, Sénégal;
Pantalon Kaki;6 500 CFA;Dakar Plateau, Dakar, Sénégal;
Pantalon Kaki;6 500 CFA;Dakar Plateau, Dakar, Sénégal;
Pantalon Kaki;6 500 CFA;Dakar Plateau, Dakar, Sénégal;background-image:url(https://images.coinafrique.com/thumb_2172334_uploaded_image1_1590446653.jpg)
Ensemble homme;11 000 CFA;Dakar Plateau, Dakar, Sénégal;
Ensemble homme;11 000 CFA;Dakar Plateau, Dakar, Sénégal;background-image:url(https://images.coinafrique.com/thumb_2172346_uploaded_image1_1590446837.jpg)
Ensemble habits;11 000 CFA;Dakar Plateau, Dakar, Sénégal;
Ensemble homme;11 000 CFA;Dakar Plateau, Dakar, Sénégal;
Ensemble homme;11 000 CFA;Dakar Plateau, Dakar, Sénégal;
Ensemble homme;11 000 CFA;Dakar Plateau, Dakar, Sénégal;
Ensemble homme;12 000 CFA;Dakar Plateau, Dakar, Sénégal;
Ensemble homme;12 000 CFA;Dakar Plateau, Dakar, Sénégal;
Ensemble homme;12 000 CFA;Dakar Plateau, Dakar, Sénégal;background-image:url(https://images.coinafrique.com/thumb_2172383_uploaded_image1_1590447493.jpg)
Ensemble homme;12 000 CFA;Dakar Plateau, Dakar, Sénégal;background-image:url(https://images.coinafrique.com/thumb_2172386_uploaded_image1_1590447517.jpg)
Ensemble jogging;13 000 CFA;Dakar, Sénégal;
Ensemble jogging;13 000 CFA;Dakar, Sénégal;
Ensemble homme;12 000 CFA;Dakar Plateau, Dakar, Sénégal;
Ensemble homme;12 000 CFA;Dakar Plateau, Dakar, Sénégal;
Ensemble homme;11 000 CFA;Dakar Plateau, Dakar, Sénégal;
Ensemble homme;11 000 CFA;Dakar Plateau, Dakar, Sénégal;
Ensemble homme;11 000 CFA;Dakar Plateau, Dakar, Sénégal;
Pantalon kaki;6 500 CFA;Dakar Plateau, Dakar, Sénégal;
Pantalon kaki;6 500 CFA;Dakar Plateau, Dakar, Sénégal;
Pantalons Kaki;6 500 CFA;Dakar Plateau, Dakar, Sénégal;
Pantalons Kaki;6 500 CFA;Dakar Plateau, Dakar, Sénégal;
Vêtements Homme;20 000 CFA;Dakar Plateau, Dakar, Sénégal;
Pantalon kaki;9 000 CFA;Mermoz-Sacré Coeur, Dakar, Sénégal;
Jeans turque;10 000 CFA;Dakar, Sénégal;
Pantalon jean turque;12 000 CFA;Dakar, Sénégal;
Jeans turque homme;12 000 CFA;Dakar, Sénégal;
Jeans turque;12 000 CFA;Dakar, Sénégal;
Vêtements homme;6 500 CFA;Dakar Plateau, Dakar, Sénégal;
Pantalon kaki;6 500 CFA;Dakar Plateau, Dakar, Sénégal;
Vêtements homme;6 500 CFA;Dakar Plateau, Dakar, Sénégal;
Vêtement homme;Prix sur demande;Dakar-Plateau, Dakar, Sénégal;
Ensemble blouson homme;25 000 CFA;Dakar, Sénégal;
Tee-shirt coton;2 000 CFA;Grand Yoff, Dakar, Sénégal;
Chemise Tommy;10 000 CFA;Dakar, Sénégal;
Chemise homme;10 000 CFA;Dakar, Sénégal;
Pantalon & Lacoste;16 000 CFA;Guediawaye, Dakar, Sénégal;
Tenue Africaine;25 000 CFA;Dakar Plateau, Dakar, Sénégal;
Pantalons et chemises;9 000 CFA;Parcelle Assainies, Dakar, Sénégal;
Ensemble chemise kaki;Prix sur demande;Guediawaye, Dakar, Sénégal;
Ensemble vêtements;12 000 CFA;Dakar Plateau, Dakar, Sénégal;
Ensemble vêtements;12 000 CFA;Dakar Plateau, Dakar, Sénégal;
Ensembles;12 000 CFA;Dakar Plateau, Dakar, Sénégal;
Ensemble vêtements;12 000 CFA;Dakar Plateau, Dakar, Sénégal;
Ensembles;11 000 CFA;Dakar Plateau, Dakar, Sénégal;
Ensembles;11 000 CFA;Dakar Plateau, Dakar, Sénégal;
Ensemble vêtements;11 000 CFA;Dakar Plateau, Dakar, Sénégal;
Pantalon Kaki;6 500 CFA;Dakar Plateau, Dakar, Sénégal;
Pantalons Kaki;6 500 CFA;Dakar Plateau, Dakar, Sénégal;
Pantalon Kaki;6 500 CFA;Dakar Plateau, Dakar, Sénégal;
Ensemble homme;Prix sur demande;Sicap Liberté, Dakar, Sénégal;
Ensemble homme;Prix sur demande;Sicap Liberté, Dakar, Sénégal;
Ensemble homme;Prix sur demande;Sicap Liberté, Dakar, Sénégal;
Ensemble;Prix sur demande;Sicap Liberté, Dakar, Sénégal;
Pantalon Jeans homme;12 000 CFA;Dakar, Sénégal;
Pantalon Jeans homme;12 000 CFA;Dakar, Sénégal;background-image:url(https://images.coinafrique.com/thumb_2185582_uploaded_image1_1590658506.jpg)
Polo Lacoste;10 000 CFA;Dakar, Sénégal;
Polo Lacoste;10 000 CFA;Dakar, Sénégal;
Polo Lacoste;10 000 CFA;Dakar, Sénégal;
Polo Lacoste;10 000 CFA;Dakar, Sénégal;
Ensemble;12 000 CFA;Dakar Plateau, Dakar, Sénégal;
Tunique;12 000 CFA;Dakar Plateau, Dakar, Sénégal;
Ensemble homme;12 000 CFA;Dakar Plateau, Dakar, Sénégal;
Ensemble vêtements;12 000 CFA;Dakar Plateau, Dakar, Sénégal;background-image:url(https://images.coinafrique.com/thumb_2189608_uploaded_image1_1590704368.jpg)
Ensemble homme;12 000 CFA;Dakar Plateau, Dakar, Sénégal;
Ensemble vêtements;12 000 CFA;Dakar Plateau, Dakar, Sénégal;
Ensemble homme;12 000 CFA;Dakar Plateau, Dakar, Sénégal;
Ensemble homme;12 000 CFA;Dakar Plateau, Dakar, Sénégal;
Ensemble homme;12 000 CFA;Dakar Plateau, Dakar, Sénégal;
Ensemble homme;12 000 CFA;Dakar Plateau, Dakar, Sénégal;
Ensemble;13 000 CFA;Dakar Plateau, Dakar, Sénégal;
Ensemble pantalons et t-shirt;17 000 CFA;Dakar Plateau, Dakar, Sénégal;
Ensemble homme;17 000 CFA;Dakar Plateau, Dakar, Sénégal;
Ensemble Homme;17 000 CFA;Dakar Plateau, Dakar, Sénégal;
Ensemble;10 000 CFA;Dakar Plateau, Dakar, Sénégal;
Ensemble homme;10 000 CFA;Dakar Plateau, Dakar, Sénégal;
Ensemble Homme;10 000 CFA;Dakar Plateau, Dakar, Sénégal;
Ensemble Homme;12 000 CFA;Dakar Plateau, Dakar, Sénégal;
Ensemble homme;12 000 CFA;Dakar Plateau, Dakar, Sénégal;
Ensemble Homme;12 000 CFA;Dakar Plateau, Dakar, Sénégal;
Ensemble homme;12 000 CFA;Dakar Plateau, Dakar, Sénégal;
Ensemble pantalons et chemises;12 000 CFA;Dakar Plateau, Dakar, Sénégal;
Ensemble;12 000 CFA;Dakar Plateau, Dakar, Sénégal;
Ensemble homme;12 000 CFA;Dakar Plateau, Dakar, Sénégal;
Ensemble homme;12 000 CFA;Dakar Plateau, Dakar, Sénégal;
Ensemble homme;12 000 CFA;Dakar Plateau, Dakar, Sénégal;
Ensemble pantalons et chemises;12 000 CFA;Dakar Plateau, Dakar, Sénégal;
Ensemble homme;12 000 CFA;Dakar Plateau, Dakar, Sénégal;
Pantalons homme;8 500 CFA;Dakar Plateau, Dakar, Sénégal;
Pantalon homme;8 500 CFA;Dakar Plateau, Dakar, Sénégal;
Pantalons;8 500 CFA;Dakar Plateau, Dakar, Sénégal;
Pantalon kaki;6 500 CFA;Dakar Plateau, Dakar, Sénégal;
Pantalon kaki;6 500 CFA;Dakar Plateau, Dakar, Sénégal;
Pantalon Kaki;6 500 CFA;Dakar Plateau, Dakar, Sénégal;
Ensemble Homme;Prix sur demande;Dakar Plateau, Dakar, Sénégal;
Ensemble homme;Prix sur demande;Dakar Plateau, Dakar, Sénégal;
Ensemble homme;Prix sur demande;Dakar Plateau, Dakar, Sénégal;
Tee-shirt unique;3 000 CFA;Dakar, Sénégal;
Ensemble homme;13 500 CFA;Rufisque, Sénégal;
Ensemble t-shirt + culotte;12 000 CFA;Rufisque, Sénégal;
Lacoste;10 000 CFA;Dakar, Sénégal;
Ensemble homme;25 000 CFA;Dakar, Sénégal;
Ensemble blouson;25 000 CFA;Dakar, Sénégal;
Pantalon et t-shirt;12 000 CFA;Guediawaye, Dakar, Sénégal;
Ensemble homme;12 000 CFA;Dakar, Sénégal;
Tee-shirts;5 000 CFA;Dakar, Sénégal;
Pantalon homme;10 000 CFA;Dakar, Sénégal;
Lacoste;10 000 CFA;Dakar, Sénégal;
Lacostes;10 000 CFA;Dakar, Sénégal;
Polo Lacoste;10 000 CFA;Dakar, Sénégal;
Lacostes;10 000 CFA;Dakar, Sénégal;
Lacostes;10 000 CFA;Dakar, Sénégal;
Lacostes;10 000 CFA;Dakar, Sénégal;
T-shirt Turk;4 000 CFA;Rufisque, Sénégal;
Blouson homme;13 000 CFA;Dakar, Sénégal;
Ensembles costume africain;20 000 CFA;Saint Louis, Sénégal;
T-shirts homme;10 000 CFA;Dakar, Sénégal;
Ensemble;12 000 CFA;Dakar Plateau, Dakar, Sénégal;
Ensemble homme;12 000 CFA;Dakar Plateau, Dakar, Sénégal;
Ensemble homme;12 000 CFA;Dakar Plateau, Dakar, Sénégal;
Ensemble homme;12 000 CFA;Dakar Plateau, Dakar, Sénégal;
Ensemble homme;12 000 CFA;Dakar Plateau, Dakar, Sénégal;
Ensemble homme;12 000 CFA;Dakar Plateau, Dakar, Sénégal;
Ensemble t-shirt + pantalon;12 000 CFA;Dakar Plateau, Dakar, Sénégal;
Ensemble homme;12 000 CFA;Dakar Plateau, Dakar, Sénégal;
Ensemble vêtements;12 000 CFA;Dakar Plateau, Dakar, Sénégal;
Pantalons Kaki;6 500 CFA;Dakar Plateau, Dakar, Sénégal;
Pantalons Kaki;6 500 CFA;Dakar Plateau, Dakar, Sénégal;
Polo Lacoste;10 000 CFA;Dakar, Sénégal;
Lacoste homme;10 000 CFA;Dakar, Sénégal;
Lacoste Homme;10 000 CFA;Dakar, Sénégal;
Lacoste homme;10 000 CFA;Dakar, Sénégal;
Polo Lacoste;10 000 CFA;Dakar, Sénégal;
Vêtements hommes;Prix sur demande;Guediawaye, Dakar, Sénégal;
Vêtements Homme;Prix sur demande;Guediawaye, Dakar, Sénégal;
Vêtements homme;Prix sur demande;Guediawaye, Dakar, Sénégal;
Vêtement homme;Prix sur demande;Guediawaye, Dakar, Sénégal;
Vêtement homme;Prix sur demande;Guediawaye, Dakar, Sénégal;
Pantalons homme;Prix sur demande;Guediawaye, Dakar, Sénégal;
Ensemble chomme;15 000 CFA;Dakar, Sénégal;
Ensemble homme;15 000 CFA;Dakar, Sénégal;
Ensemble homme;15 000 CFA;Dakar, Sénégal;
Ensemble lacoste kaki;11 000 CFA;Dakar, Sénégal;
T-shirts homme;11 500 CFA;Biscuiterie, Dakar, Sénégal;
Chemises Giant;17 000 CFA;Dakar Plateau, Dakar, Sénégal;
Pantalon kaki;12 000 CFA;Dakar, Sénégal;
Kaki de luxe;12 000 CFA;Dakar, Sénégal;
Pantalon kaki;12 000 CFA;Dakar, Sénégal;
Pantalon homme;12 000 CFA;Dakar Plateau, Dakar, Sénégal;
Ensemble short;10 000 CFA;Grand Dakar, Dakar, Sénégal;
Ensemble short;10 000 CFA;Grand Dakar, Dakar, Sénégal;
Débardeur homme;4 000 CFA;Grand Dakar, Dakar, Sénégal;
Combinaison homme;12 000 CFA;Grand Dakar, Dakar, Sénégal;
Ensemble short;10 000 CFA;Grand Dakar, Dakar, Sénégal;
Tuniques homme;Prix sur demande;Patte d'oie, Dakar, Sénégal;
Ensemble Vêtements Hommes;9 500 CFA;Dakar-Plateau, Dakar, Sénégal;
T-shirt couple;5 000 CFA;Parcelle Assainies, Dakar, Sénégal;
Ensemble kaki lacoste;Prix sur demande;Parcelle Assainies, Dakar, Sénégal;
Ensemble homme;12 000 CFA;Dakar Plateau, Dakar, Sénégal;
Ensemble vêtements homme;12 000 CFA;Dakar Plateau, Dakar, Sénégal;
Ensemble homme;12 000 CFA;Dakar Plateau, Dakar, Sénégal;
Ensemble vêtements homme;12 000 CFA;Dakar Plateau, Dakar, Sénégal;
Ensemble homme;12 000 CFA;Dakar Plateau, Dakar, Sénégal;
Ensemble vêtements homme;12 000 CFA;Dakar Plateau, Dakar, Sénégal;
Ensemble vêtements homme;12 000 CFA;Dakar Plateau, Dakar, Sénégal;
Ensemble homme;12 000 CFA;Dakar Plateau, Dakar, Sénégal;
Ensemble t-shirt;12 000 CFA;Dakar Plateau, Dakar, Sénégal;
Pantalon jeans;10 000 CFA;Dakar, Sénégal;
Pantalon jeans;10 000 CFA;Dakar, Sénégal;
Chemises Giant;17 000 CFA;Dakar Plateau, Dakar, Sénégal;
Pantalon homme;12 000 CFA;Dakar Plateau, Dakar, Sénégal;
Chemises Giant;17 000 CFA;Dakar Plateau, Dakar, Sénégal;background-image:url(https://images.coinafrique.com/thumb_2203140_uploaded_image1_1590925473.jpg)
Chemises Giant;17 000 CFA;Dakar Plateau, Dakar, Sénégal;background-image:url(https://images.coinafrique.com/thumb_2203142_uploaded_image1_1590925540.jpg)
Pantalon Kaki;10 000 CFA;Dakar, Sénégal;
Polo Lacoste;10 000 CFA;Dakar, Sénégal;background-image:url(https://images.coinafrique.com/thumb_2203152_uploaded_image1_1590925667.jpg)
Ensemble homme;20 000 CFA;Dakar, Sénégal;
T-shirt homme;6 000 CFA;Dakar, Sénégal;background-image:url(https://images.coinafrique.com/thumb_2203690_uploaded_image1_1590932194.jpg)
Blouson;25 000 CFA;Dakar, Sénégal;
Blouson;25 000 CFA;Dakar, Sénégal;
Ensemble t-shirt - chaussures;17 000 CFA;Dakar, Sénégal;
Ensemble t-shirt chaussures;17 000 CFA;Dakar, Sénégal;
Ensemble jogging;12 000 CFA;Dakar, Sénégal;
Ensemble homme;15 000 CFA;Dakar, Sénégal;
Ensemble Polo - Pantalon;15 000 CFA;Dakar, Sénégal;
Ensemble Polo - Pantalon;15 000 CFA;Dakar, Sénégal;
T-shirt coton;Prix sur demande;Geule Tapée, Dakar, Sénégal;
Bombers;13 500 CFA;Dakar, Sénégal;
Pantalon kaki;10 000 CFA;Dakar, Sénégal;
Ensemble vêtements homme;15 000 CFA;Dakar, Sénégal;
Ensemble vêtements homme;12 000 CFA;Dakar Plateau, Dakar, Sénégal;
Ensemble vêtements homme;12 000 CFA;Dakar Plateau, Dakar, Sénégal;
Ensemble;12 000 CFA;Dakar Plateau, Dakar, Sénégal;
Ensemble vêtements homme;12 000 CFA;Dakar Plateau, Dakar, Sénégal;
Ensemble vêtements homme;12 000 CFA;Dakar Plateau, Dakar, Sénégal;
Ensemble vêtements homme;12 000 CFA;Dakar Plateau, Dakar, Sénégal;
Ensemble vêtements homme;12 000 CFA;Dakar Plateau, Dakar, Sénégal;
Ensemble vêtements homme;12 000 CFA;Dakar Plateau, Dakar, Sénégal;
Ensemble;12 000 CFA;Dakar Plateau, Dakar, Sénégal;
Ensemble vêtements homme;12 000 CFA;Dakar Plateau, Dakar, Sénégal;
Ensemble;12 000 CFA;Dakar Plateau, Dakar, Sénégal;
Ensemble;12 000 CFA;Dakar Plateau, Dakar, Sénégal;
Pantalons;6 500 CFA;Dakar Plateau, Dakar, Sénégal;
Pantalons;6 500 CFA;Dakar Plateau, Dakar, Sénégal;
Pantalons;6 500 CFA;Dakar Plateau, Dakar, Sénégal;
T-Shirt;26 000 CFA;Yoff, Dakar, Sénégal;
Ensemble homme;13 000 CFA;Dakar, Sénégal;
Tee-shirt;9 000 CFA;Dakar, Sénégal;
Pantalons coton;6 000 CFA;Guediawaye, Dakar, Sénégal;
T-shirt;Prix sur demande;Sicap Liberté, Dakar, Sénégal;
T-shirt;Prix sur demande;Sicap Liberté, Dakar, Sénégal;
T-shirt;Prix sur demande;Sicap Liberté, Dakar, Sénégal;
T-shirt;Prix sur demande;Sicap Liberté, Dakar, Sénégal;
Pack 4 polos;9 900 CFA;Biscuiterie, Dakar, Sénégal;
Vêtements  homme;6 000 CFA;Geule Tapée, Dakar, Sénégal;
Vêtements  homme;6 000 CFA;Geule Tapée, Dakar, Sénégal;
Débardeur basket;6 500 CFA;Dakar, Sénégal;
Débardeur homme;6 500 CFA;Dakar, Sénégal;
Ensemble homme;12 000 CFA;Dakar Plateau, Dakar, Sénégal;
Ensemble vêtements homme;12 000 CFA;Dakar Plateau, Dakar, Sénégal;
Ensemble homme;12 000 CFA;Dakar Plateau, Dakar, Sénégal;
Ensemble vêtements homme;12 000 CFA;Dakar Plateau, Dakar, Sénégal;
Ensemble;Prix sur demande;Parcelle Assainies, Dakar, Sénégal;
Ensemble homme;Prix sur demande;Parcelle Assainies, Dakar, Sénégal;
Polo Lacoste;10 000 CFA;Dakar, Sénégal;
Polo Lacoste;10 000 CFA;Dakar, Sénégal;
T-shirt Lacoste;10 000 CFA;Dakar, Sénégal;
T-shirt Lacoste;10 000 CFA;Dakar, Sénégal;
T-shirt Lacoste;Prix sur demande;HLM, Dakar, Sénégal;
Pantalon kaki;Prix sur demande;HLM, Dakar, Sénégal;
Polo Lacoste;10 000 CFA;Dakar, Sénégal;
Polo Lacoste;10 000 CFA;Dakar, Sénégal;
Lacoste de qualité;10 000 CFA;Dakar, Sénégal;
Tenue africaine;22 000 CFA;Ouakam, Dakar, Sénégal;
Tenue africaine;27 000 CFA;Ouakam, Dakar, Sénégal;
Costume Umberto Bocci;75 000 CFA;Yoff, Dakar, Sénégal;
Tuniques homme 3 pièces;45 000 CFA;Dakar, Sénégal;
Tuniques;20 000 CFA;Dakar, Sénégal;
Débardeur NBA;10 000 CFA;Dakar, Sénégal;
Tuniques;25 000 CFA;Dakar, Sénégal;
Tenues sur mesure;25 000 CFA;Dakar, Sénégal;
Ensemble t-shirt et pantalon;10 000 CFA;Dakar Plateau, Dakar, Sénégal;
Ensemble t-shirt et pantalon;10 000 CFA;Dakar Plateau, Dakar, Sénégal;
Ensemble t-shirt et pantalon;10 000 CFA;Dakar Plateau, Dakar, Sénégal;
Ensemble vêtements;10 000 CFA;Dakar Plateau, Dakar, Sénégal;
Ensemble t-shirt + pantalon;10 000 CFA;Dakar Plateau, Dakar, Sénégal;
Pantalon;Prix sur demande;Dakar Plateau, Dakar, Sénégal;
Pantalon;Prix sur demande;Dakar Plateau, Dakar, Sénégal;
Pantalon;Prix sur demande;Dakar Plateau, Dakar, Sénégal;
Ensemble t-shirt et pantalon;8 500 CFA;Dakar Plateau, Dakar, Sénégal;
Ensemble t-shirt et pantalon;8 500 CFA;Dakar Plateau, Dakar, Sénégal;
Ensemble vêtements;8 500 CFA;Dakar Plateau, Dakar, Sénégal;
Pantalons;6 500 CFA;Dakar Plateau, Dakar, Sénégal;
Pantalons;6 500 CFA;Dakar Plateau, Dakar, Sénégal;
Pantalons homme;6 500 CFA;Dakar Plateau, Dakar, Sénégal;
Pantalon kaki;6 500 CFA;Dakar Plateau, Dakar, Sénégal;
Pantalon Kaki;6 500 CFA;Dakar Plateau, Dakar, Sénégal;
Pantalon kaki;6 500 CFA;Dakar Plateau, Dakar, Sénégal;
Ensemble Lacoste;Prix sur demande;Guediawaye, Dakar, Sénégal;
Ensemble t-shirt + pantalon;13 000 CFA;Dakar Plateau, Dakar, Sénégal;
Ensemble t-shirt + pantalon;13 000 CFA;Dakar Plateau, Dakar, Sénégal;
Ensemble short et lacoste;Prix sur demande;Guediawaye, Dakar, Sénégal;
Ensemble vêtements;13 000 CFA;Dakar Plateau, Dakar, Sénégal;
Ensemble t-shirt + pantalon;13 000 CFA;Dakar Plateau, Dakar, Sénégal;
Ensemble t-shirt + pantalon;10 500 CFA;Dakar Plateau, Dakar, Sénégal;
Ensemble t-shirt + pantalon;10 500 CFA;Dakar Plateau, Dakar, Sénégal;
Ensemble t-shirt + pantalon;10 500 CFA;Dakar Plateau, Dakar, Sénégal;
Ensemble t-shirt + pantalon;10 500 CFA;Dakar Plateau, Dakar, Sénégal;
Ensemble Vêtements;10 500 CFA;Dakar Plateau, Dakar, Sénégal;
Ensemble vêetements;10 000 CFA;Dakar Plateau, Dakar, Sénégal;
Ensemble Vêtements;10 000 CFA;Dakar Plateau, Dakar, Sénégal;
Ensembles Vêtements Hommes;10 000 CFA;Dakar Plateau, Dakar, Sénégal;
Ensemble Vêtements;10 000 CFA;Dakar Plateau, Dakar, Sénégal;
Ensemble Vêtements;10 000 CFA;Dakar Plateau, Dakar, Sénégal;
Ensemble vêtements;8 000 CFA;Dakar Plateau, Dakar, Sénégal;
Ensemble Vêtements;8 000 CFA;Dakar Plateau, Dakar, Sénégal;
Ensemble Vêtements;12 000 CFA;Dakar Plateau, Dakar, Sénégal;
Ensemble Vêtements;12 000 CFA;Dakar Plateau, Dakar, Sénégal;
Ensemble vêtements;12 000 CFA;Dakar Plateau, Dakar, Sénégal;
Ensemble chemises;Prix sur demande;Guediawaye, Dakar, Sénégal;
Ensemble Vêtements;Prix sur demande;Guediawaye, Dakar, Sénégal;
Complet homme et femme;10 000 CFA;Dakar-Plateau, Dakar, Sénégal;
Complet homme et femme;10 000 CFA;Dakar-Plateau, Dakar, Sénégal;
T-shirts;10 000 CFA;Dakar-Plateau, Dakar, Sénégal;
Complet homme et femme;10 000 CFA;Dakar-Plateau, Dakar, Sénégal;
Chemise homme;10 000 CFA;Dakar, Sénégal;
Chemise homme;10 000 CFA;Dakar, Sénégal;
Lacoste de qualité;10 000 CFA;Dakar, Sénégal;
Lacoste de qualité;10 000 CFA;Dakar, Sénégal;
Lacoste de qualité;10 000 CFA;Dakar, Sénégal;
Lacoste;10 000 CFA;Dakar, Sénégal;
Jogging 2 pièces;5 000 CFA;Yoff, Dakar, Sénégal;
Pantalons;8 000 CFA;Dakar, Sénégal;
T-shirts;5 000 CFA;Dakar, Sénégal;
T-shirt par unité;5 000 CFA;Dakar, Sénégal;
T-shirt;5 000 CFA;Dakar, Sénégal;
Tee-shirt par unité;5 000 CFA;Dakar, Sénégal;
Tee-shirt Extrême Création;5 000 CFA;Dakar, Sénégal;
Ensembles shirt short casquette;12 000 CFA;Dakar, Sénégal;
Ensemble pantalon;12 000 CFA;Grand Dakar, Dakar, Sénégal;
Ensemble pantalon - casquette;15 000 CFA;Grand Dakar, Dakar, Sénégal;
Ensemble vêtements;12 000 CFA;Dakar Plateau, Dakar, Sénégal;
Ensemble vêtements;12 000 CFA;Dakar Plateau, Dakar, Sénégal;
Ensemble homme;12 000 CFA;Dakar Plateau, Dakar, Sénégal;
Ensemble vêtements;12 000 CFA;Dakar Plateau, Dakar, Sénégal;
Ensemble homme;12 000 CFA;Dakar Plateau, Dakar, Sénégal;
Ensemble vêtements;12 000 CFA;Dakar Plateau, Dakar, Sénégal;
Ensemble t-shirt et pantalon;10 000 CFA;Dakar Plateau, Dakar, Sénégal;
Ensemble vêtements;10 000 CFA;Dakar Plateau, Dakar, Sénégal;
Ensemble homme;10 000 CFA;Dakar Plateau, Dakar, Sénégal;
Ensemble vêtements;10 000 CFA;Dakar Plateau, Dakar, Sénégal;
Tee-shirt - Chemise;5 000 CFA;Dakar, Sénégal;
Tee-shirts Zara;5 000 CFA;Dakar, Sénégal;
Ensemble kaki;14 000 CFA;Guediawaye, Dakar, Sénégal;
T-shirt par unité;5 000 CFA;Dakar, Sénégal;
Ensemble homme;16 000 CFA;Dakar, Sénégal;
Blouson;25 000 CFA;Dakar, Sénégal;
Blouson homme;25 000 CFA;Dakar, Sénégal;
Polo Lacoste;10 000 CFA;Dakar, Sénégal;
Vêtements homme;15 000 CFA;Grand Dakar, Dakar, Sénégal;
Chemise Giant;20 000 CFA;Parcelle Assainies, Dakar, Sénégal;
Chemise homme;20 000 CFA;Parcelle Assainies, Dakar, Sénégal;
chemise Giant;20 000 CFA;Parcelle Assainies, Dakar, Sénégal;
Chemise homme;20 000 CFA;Parcelle Assainies, Dakar, Sénégal;
Chemise classe Giant;20 000 CFA;Parcelle Assainies, Dakar, Sénégal;
Chemise homme;20 000 CFA;Parcelle Assainies, Dakar, Sénégal;
Chemise Giant;20 000 CFA;Parcelle Assainies, Dakar, Sénégal;
Chemise Giant;20 000 CFA;Parcelle Assainies, Dakar, Sénégal;
Chemise homme;20 000 CFA;Parcelle Assainies, Dakar, Sénégal;
Pantalon homme;10 000 CFA;Parcelle Assainies, Dakar, Sénégal;
Pantalon chic;10 000 CFA;Parcelle Assainies, Dakar, Sénégal;
Pantalon homme;10 000 CFA;Parcelle Assainies, Dakar, Sénégal;
Pantalon homme;10 000 CFA;Parcelle Assainies, Dakar, Sénégal;
Pantalon homme;10 000 CFA;Parcelle Assainies, Dakar, Sénégal;
Pantalon homme;10 000 CFA;Parcelle Assainies, Dakar, Sénégal;
Pantalon homme;10 000 CFA;Parcelle Assainies, Dakar, Sénégal;
Pantalon homme;10 000 CFA;Parcelle Assainies, Dakar, Sénégal;
Pantalons chics;10 000 CFA;Parcelle Assainies, Dakar, Sénégal;
Pantalon homme;10 000 CFA;Parcelle Assainies, Dakar, Sénégal;
T-shirt été;6 000 CFA;Parcelle Assainies, Dakar, Sénégal;
T-shirt été;6 000 CFA;Parcelle Assainies, Dakar, Sénégal;
T-shirt été;6 000 CFA;Parcelle Assainies, Dakar, Sénégal;
T-shirt été;6 000 CFA;Parcelle Assainies, Dakar, Sénégal;
T-shirts homme;6 000 CFA;Parcelle Assainies, Dakar, Sénégal;
T-shirts homme;6 000 CFA;Parcelle Assainies, Dakar, Sénégal;
T-shirt été;6 000 CFA;Parcelle Assainies, Dakar, Sénégal;
T-shirt été;6 000 CFA;Parcelle Assainies, Dakar, Sénégal;
T-shirt;6 000 CFA;Parcelle Assainies, Dakar, Sénégal;
Chemise homme;10 000 CFA;Dakar, Sénégal;
T-shirts;5 000 CFA;Dieuppeul-Derklé, Dakar, Sénégal;
Ensemble homme;12 000 CFA;Dakar, Sénégal;
Tee-shirt coton;Prix sur demande;HLM, Dakar, Sénégal;
Ensemble vêtements homme 100% coton;14 000 CFA;Dakar Plateau, Dakar, Sénégal;
Ensemble pantalons;10 000 CFA;Grand Dakar, Dakar, Sénégal;
Ensembles Shorts;15 000 CFA;Grand Dakar, Dakar, Sénégal;
Ensemble short;12 000 CFA;Grand Dakar, Dakar, Sénégal;
Ensembles Pantalons;15 000 CFA;Grand Dakar, Dakar, Sénégal;
Ensemble homme;12 000 CFA;Dakar Plateau, Dakar, Sénégal;
Ensemble homme;12 000 CFA;Dakar Plateau, Dakar, Sénégal;
Ensemble t-shirt + pantalon;12 000 CFA;Dakar Plateau, Dakar, Sénégal;
Ensemble t-shirt + pantalon;12 000 CFA;Dakar Plateau, Dakar, Sénégal;
Ensemble t-shirt + pantalon;12 000 CFA;Dakar Plateau, Dakar, Sénégal;
Pantalon Kaki;6 500 CFA;Dakar Plateau, Dakar, Sénégal;
Kaki;6 500 CFA;Dakar Plateau, Dakar, Sénégal;
Pantalon Kaki;6 500 CFA;Dakar Plateau, Dakar, Sénégal;
Pantalon Kaki;6 500 CFA;Dakar Plateau, Dakar, Sénégal;
Pantalon Kaki;6 500 CFA;Dakar Plateau, Dakar, Sénégal;
T-shirt couple;10 000 CFA;Dakar, Sénégal;
Ensemble Lacoste kaki;150 000 CFA;Dakar, Sénégal;
Ensemble Lacoste kaki;15 000 CFA;Dakar, Sénégal;
Vêtements hommes et femmes;7 500 CFA;Dakar, Sénégal;
Tenue homme;20 000 CFA;Grand Yoff, Dakar, Sénégal;
Kaftan;20 000 CFA;Grand Yoff, Dakar, Sénégal;
Kaftan;20 000 CFA;Grand Yoff, Dakar, Sénégal;
Ensemble polo et pantalon;12 000 CFA;Dakar Plateau, Dakar, Sénégal;
Ensemble Polo - Pantalon;12 000 CFA;Dakar Plateau, Dakar, Sénégal;
Ensemble polo et pantalon;12 000 CFA;Dakar Plateau, Dakar, Sénégal;
Ensemble Polo-Pantalon;12 000 CFA;Dakar Plateau, Dakar, Sénégal;
Ensemble Polo - Pantalon;12 000 CFA;Dakar Plateau, Dakar, Sénégal;
Ensembles;12 000 CFA;Dakar Plateau, Dakar, Sénégal;
Ensemble homme;12 000 CFA;Dakar Plateau, Dakar, Sénégal;
Ensemble Polo - Pantalon;12 000 CFA;Dakar Plateau, Dakar, Sénégal;
Ensemble Polo - Pantalon;12 000 CFA;Dakar Plateau, Dakar, Sénégal;
Kaki;6 500 CFA;Dakar Plateau, Dakar, Sénégal;
Kaki;6 500 CFA;Dakar Plateau, Dakar, Sénégal;
Pantalon kaki;6 500 CFA;Dakar Plateau, Dakar, Sénégal;
Pantalon Kaki;6 500 CFA;Dakar Plateau, Dakar, Sénégal;
Ensembles chemise kaki;Prix sur demande;Parcelle Assainies, Dakar, Sénégal;
Ensemble pour homme;Prix sur demande;Parcelle Assainies, Dakar, Sénégal;
Ensembles chemise kaki;Prix sur demande;Parcelle Assainies, Dakar, Sénégal;
Ensemble Chemise Kaki;Prix sur demande;Parcelle Assainies, Dakar, Sénégal;
Chemises fleuries;Prix sur demande;Sicap Liberté, Dakar, Sénégal;
Chemises;Prix sur demande;Sicap Liberté, Dakar, Sénégal;
Ensemble T-shirt;Prix sur demande;Sicap Liberté, Dakar, Sénégal;
Ensemble vêtements;Prix sur demande;Sicap Liberté, Dakar, Sénégal;
Ensemble;Prix sur demande;Sicap Liberté, Dakar, Sénégal;
Ensemble vêtements;Prix sur demande;Sicap Liberté, Dakar, Sénégal;
Ensemble habits;Prix sur demande;Sicap Liberté, Dakar, Sénégal;
Ensemble vêtements;Prix sur demande;Sicap Liberté, Dakar, Sénégal;
Bombers en pagne;15 000 CFA;Dakar, Sénégal;
Lacoste homme;8 000 CFA;Grand Dakar, Dakar, Sénégal;
Ensemble Kaki et Lacoste;15 000 CFA;Grand Dakar, Dakar, Sénégal;
Ensemble kaki et chemise;15 000 CFA;Grand Dakar, Dakar, Sénégal;
Ensemble shorts;10 000 CFA;Grand Dakar, Dakar, Sénégal;
Ensemble short;7 500 CFA;Dakar, Sénégal;
Ensemble;28 000 CFA;Yoff, Dakar, Sénégal;
Pantalon homme;Prix sur demande;Dieuppeul-Derklé, Dakar, Sénégal;
T-shirt;Prix sur demande;Dieuppeul-Derklé, Dakar, Sénégal;
Ensemble;10 000 CFA;Dakar Plateau, Dakar, Sénégal;
Ensemble homme;10 000 CFA;Dakar Plateau, Dakar, Sénégal;
Ensemble homme;10 000 CFA;Dakar Plateau, Dakar, Sénégal;
Ensemble homme;10 000 CFA;Dakar Plateau, Dakar, Sénégal;
Ensemble homme;10 000 CFA;Dakar Plateau, Dakar, Sénégal;
Ensemble vêtements homme;10 000 CFA;Dakar Plateau, Dakar, Sénégal;
Ensemble vêtements homme;8 500 CFA;Dakar Plateau, Dakar, Sénégal;
Ensemble vêtements homme;8 500 CFA;Dakar Plateau, Dakar, Sénégal;
Ensemble culotte t-shirt;8 500 CFA;Dakar Plateau, Dakar, Sénégal;
Ensemble pantalons chemise;14 000 CFA;Dakar Plateau, Dakar, Sénégal;
Ensemble homme;14 000 CFA;Dakar Plateau, Dakar, Sénégal;
Ensemble vêtements homme;14 000 CFA;Dakar Plateau, Dakar, Sénégal;
Ensemble homme;14 000 CFA;Dakar Plateau, Dakar, Sénégal;
Pantalons;6 500 CFA;Dakar Plateau, Dakar, Sénégal;
Pantalon Kaki;6 500 CFA;Dakar Plateau, Dakar, Sénégal;
Pantalons;6 500 CFA;Dakar Plateau, Dakar, Sénégal;
Ensemble;12 000 CFA;Dakar Plateau, Dakar, Sénégal;
Ensemble pantalons et t-shirt;12 000 CFA;Dakar Plateau, Dakar, Sénégal;
Ensemble homme;Prix sur demande;Dieuppeul-Derklé, Dakar, Sénégal;
Maillot blouson homme;15 000 CFA;Dakar, Sénégal;
Pantalons jogger;12 000 CFA;Dakar, Sénégal;
Lacoste homme;10 000 CFA;Dakar, Sénégal;
Blouson homme;25 000 CFA;Dakar, Sénégal;
Chemise;5 000 CFA;Cambérène, Dakar, Sénégal;
Polo Lacoste;5 000 CFA;Cambérène, Dakar, Sénégal;
Culottes 100% coton;Prix sur demande;Dakar, Sénégal;
Ensemble  complet;Prix sur demande;Dakar, Sénégal;
Ensemble homme;Prix sur demande;Dakar, Sénégal;
Djellaba;8 000 CFA;Hann Bel-Air, Dakar, Sénégal;
T-shirt EI;Prix sur demande;Sicap Liberté, Dakar, Sénégal;
T-shirt EI;Prix sur demande;Sicap Liberté, Dakar, Sénégal;
T-shirt;Prix sur demande;Sicap Liberté, Dakar, Sénégal;
T-shirt EI;Prix sur demande;Sicap Liberté, Dakar, Sénégal;
T-shirt EI;Prix sur demande;Sicap Liberté, Dakar, Sénégal;
T-shirt El;Prix sur demande;Sicap Liberté, Dakar, Sénégal;
T-shirt EI;Prix sur demande;Sicap Liberté, Dakar, Sénégal;
T-shirt EL;Prix sur demande;Sicap Liberté, Dakar, Sénégal;
T-shirt EI;Prix sur demande;Sicap Liberté, Dakar, Sénégal;
T-shirt SM;2 000 CFA;Keur Massar, Sénégal;
Habits homme;10 000 CFA;Dakar-Plateau, Dakar, Sénégal;
Habits;Prix sur demande;Dakar-Plateau, Dakar, Sénégal;
T-shirts Lacoste;10 000 CFA;Dakar, Sénégal;
Lacoste homme;10 000 CFA;Dakar, Sénégal;
Lacoste homme;10 000 CFA;Dakar, Sénégal;
Tenue africaine;25 000 CFA;Dakar, Sénégal;
Sous-vêtements homme;Prix sur demande;Mermoz-Sacré Coeur, Dakar, Sénégal;
Ensemble Lacoste;Prix sur demande;Guediawaye, Dakar, Sénégal;
